firstname;lastname;gender;email;birthdate;phone;address;zipcode;region;country;iban;Marital
Herrod ; Mayo;X;semper@yahoo.com;25/04/1982;06 94 77 00 19;Ap #344-3825 Elit St.;22683;Île-de-France;France;FI2901449258419721;Single
Ray ; Cruz;F;mus.donec@hotmail.be;20/06/1991;07 20 22 35 52;Ap #949-9933 Ac Street;62254;Centre;France;DO08064830988516124206751003;Single
Kane ; Giles;F;sed@hotmail.be;07/12/1992;05 53 23 29 19;Ap #776-5375 Erat Road;72365;Alsace;France;GB65INIB76634569167551;Divorced
Violet ; Stein;F;ut.ipsum@hotmail.com;11/06/1983;04 32 87 79 73;Ap #683-1340 Turpis Av.;57229;Nord-Pas-de-Calais;France;GE24671376514481284022;Divorced
Vladimir ; Hopper;M;sodales.at.velit@icloud.com;22/12/1989;08 00 71 64 23;P.O. Box 243, 6383 At Road;48838;Franche-Comte;France;PT38622628467373721786383;Single
Ignatius ; Olson;F;aliquam@aol.fr;03/04/1996;02 05 60 72 24;P.O. Box 260, 7517 Neque. St.;64345;Nord-Pas-de-Calais;France;VG3986887325338885897592;Divorced
Joy ; Blair;X;turpis.non@icloud.fr;11/11/2000;06 76 16 66 18;Ap #180-8975 Donec Road;17561;Bourgogne;France;GB43IXQI27171225849584;Single
Abraham ; Clayton;F;nec.ante@icloud.be;29/05/1989;03 17 74 15 53;Ap #873-8761 Adipiscing Road;72672;Champagne-Ardenne;France;BG43ETGE38351858704168;Divorced
Hasad ; Fischer;F;vitae.velit@outlook.com;20/11/2000;05 05 77 14 11;P.O. Box 522, 7315 Cum Ave;93719;Bourgogne;France;SE2406836447478873487122;Single
Sophia ; Heath;M;sed@outlook.fr;02/11/1987;03 35 34 07 14;6713 Turpis Street;84276;Poitou-Charentes;France;KZ453610064050388075;Married
Vernon ; House;M;neque.nullam.ut@aol.fr;20/08/1996;02 64 85 48 18;Ap #441-1219 Et, Street;72307;Haute-Normandie;France;MU8836533411777862784865710803;Married
Carol ; Howard;F;sit.amet@aol.fr;10/08/1994;01 56 85 47 82;877-8826 Amet St.;82458;Champagne-Ardenne;France;CZ0615674721941846891249;Married
Ima ; Mack;F;amet@yahoo.com;07/12/1989;07 21 75 16 22;689-9324 Dolor. Rd.;31284;Bourgogne;France;FR8011628578204045315466814;Married
Timon ; Poole;M;ullamcorper@yahoo.be;10/12/1997;04 54 62 73 23;9479 Sed St.;22389;Bourgogne;France;PK0775758725161960415274;Single
Anthony ; Schultz;M;netus@aol.be;20/03/1990;05 25 05 35 23;Ap #235-6455 Vulputate, Rd.;38254;Franche-Comte;France;AZ11114445639423846466159079;Married
Martena ; Faulkner;M;et@icloud.be;19/10/1991;03 58 73 37 63;Ap #744-6398 Integer Av.;278;Picardie;France;IL491093089624651547611;Married
Macaulay ; Bean;M;hendrerit.id.ante@google.be;17/11/1986;09 85 32 51 22;716-2764 Risus Road;80748;Languedoc-Roussillon;France;IT088MELUI66994902262844415;Single
Hope ; Jefferson;F;curae.donec@hotmail.be;26/04/1991;04 16 38 30 36;Ap #698-9073 Quisque Street;13573;Corse;France;FI7664974938936974;Married
Zahir ; Frazier;X;suscipit@google.fr;07/04/1986;08 11 27 64 00;Ap #769-9611 Nec, St.;34147;Franche-Comte;France;MU3079495927168695154213684222;Single
Chandler ; Raymond;F;consectetuer.euismod.est@aol.fr;06/07/1995;04 70 84 33 71;P.O. Box 392, 3265 Pulvinar Av.;88417;Bourgogne;France;LT341455609747592017;Married
Priscilla ; Knapp;X;ut.sagittis.lobortis@icloud.com;25/08/1986;03 18 85 43 91;Ap #913-9900 Nulla. St.;17438;Corse;France;DE71888352224140834842;Married
August ; Haley;F;in.tempus.eu@aol.be;06/08/2003;04 85 56 67 86;Ap #929-2635 Mauris Rd.;29605;Provence-Alpes-Cote d'Azur;France;SE5166106927632960889767;Divorced
Lunea ; Harding;F;fusce.mollis@outlook.fr;21/11/1991;04 16 25 76 26;999-7922 Enim Ave;50613;Aquitaine;France;GT75817226853035605146904721;Married
Jescie ; Mcfadden;F;est.vitae.sodales@icloud.be;29/01/1998;05 33 85 77 71;651-3599 Tempor Av.;20799;Aquitaine;France;VG8832734629327531262836;Married
Marsden ; Morrow;M;libero.at@yahoo.fr;10/04/2001;09 60 75 26 42;844-3784 Donec Av.;18581;Auvergne;France;FO0340694658710252;Divorced
Steven ; Rowland;X;fringilla.donec.feugiat@yahoo.fr;18/04/1988;02 54 50 64 31;806-8264 Sollicitudin St.;17228;Haute-Normandie;France;LT448498865196737553;Divorced
Nadine ; Rivas;M;semper.dui@yahoo.be;02/07/2004;05 85 73 27 03;192-2524 Amet, St.;62197;Corse;France;SM6387034084325916197542535;Divorced
Len ; Anderson;F;arcu.vivamus@yahoo.com;04/12/1984;03 31 66 06 05;Ap #939-1314 Lorem, Avenue;50602;Midi-Pyrenees;France;NL64XSEG7016702436;Single
Kirk ; Day;X;elementum.at.egestas@hotmail.be;26/08/1991;04 71 34 57 75;900-965 Metus. Avenue;54416;Haute-Normandie;France;MK51622168846428726;Married
Shafira ; Collier;F;egestas.aliquam@yahoo.com;25/02/1988;04 73 28 80 12;5320 Quisque St.;17751;Picardie;France;DE59455675247403204375;Married
Acton ; Gamble;F;malesuada.malesuada@hotmail.com;19/11/1992;08 07 92 51 75;Ap #869-5155 Mauris Rd.;10343;Île-de-France;France;MU0816983083661771211682159180;Married
Quintessa ; Mcleod;M;orci@hotmail.fr;23/03/2004;04 67 31 78 80;662-1869 Lorem, Street;19372;Midi-Pyrenees;France;AD1818537030141333992765;Married
Lee ; Hartman;F;eget.mollis@outlook.fr;02/02/1986;02 57 37 14 65;Ap #581-6226 Blandit Street;83504;Corse;France;BE70518786231411;Divorced
Guy ; Bryant;X;ut.sagittis@hotmail.fr;08/01/1997;09 77 24 31 64;6608 Id Av.;49134;Haute-Normandie;France;NO3332044078456;Divorced
Angela ; Huffman;X;egestas.a.dui@yahoo.fr;21/03/1986;06 30 75 82 74;5105 Dictum Rd.;88544;Centre;France;SI29873231215394325;Divorced
Xyla ; Donaldson;X;mattis@outlook.com;10/05/1979;08 24 36 43 76;905-4392 Non Rd.;27127;Auvergne;France;LI8875777359514430733;Married
Ashely ; Valentine;M;eu.enim.etiam@outlook.fr;24/04/1988;07 17 97 01 03;1443 Leo. Rd.;69281;Poitou-Charentes;France;SI68192567583427168;Married
Sonya ; Fuentes;F;nunc.pulvinar.arcu@yahoo.com;12/11/1997;05 75 75 14 56;P.O. Box 541, 9509 Vulputate Avenue;38493;Bourgogne;France;PK3729245839337612377836;Married
Quinn ; Gates;F;nam.ac@yahoo.com;08/01/1978;03 68 30 43 30;7453 Cras St.;32857;Basse-Normandie;France;FO9546973828713523;Single
Charles ; Carter;F;aliquam@yahoo.be;19/06/1991;08 85 32 01 58;Ap #609-5258 Lorem Street;96874;Provence-Alpes-Cote d'Azur;France;PS784828447747087747255335872;Divorced
Judith ; Evans;M;rutrum.magna@icloud.fr;05/06/1987;06 82 58 25 64;Ap #291-831 Feugiat Street;10748;Bretagne;France;MT44NQDV06363330471210424653721;Married
Madison ; Bender;F;dictum.cursus@yahoo.be;09/11/1991;03 11 67 78 59;288-4317 Libero Rd.;10728;Aquitaine;France;HR4255166095974423548;Single
Martina ; Ramos;M;fusce.mollis@outlook.fr;28/11/1989;06 51 21 03 10;Ap #969-9132 Cursus Road;28752;Centre;France;SI75611125962647373;Married
Ciaran ; Cook;F;eu.eros@aol.fr;29/10/1980;05 87 58 76 44;Ap #755-2117 Ac Av.;74625;Languedoc-Roussillon;France;AL77586786103915368366591111;Married
Theodore ; Adkins;X;mollis.nec@hotmail.fr;31/08/1983;07 01 81 47 17;Ap #562-5609 Scelerisque, Street;30961;Limousin;France;IL431727524367267852844;Single
Jayme ; Mcclain;F;sed.neque@google.com;01/06/1987;05 81 31 93 32;413-6377 Ac Rd.;27387;Poitou-Charentes;France;LT371556616014342141;Single
Gil ; Valencia;X;sed.molestie@outlook.fr;19/02/1981;07 05 17 44 45;787-7521 Consequat Rd.;70882;Limousin;France;LU582769336896178107;Single
Jelani ; Sherman;F;eros.non@aol.com;10/01/2003;09 29 77 47 74;P.O. Box 260, 7166 Amet Av.;31070;Bretagne;France;AD0528346858129955852611;Single
Rina ; Blake;X;in.nec@icloud.fr;04/09/1995;03 55 63 55 48;570-1638 Luctus Avenue;1131;Haute-Normandie;France;DK6613971650786875;Single
Lucian ; Gallagher;M;class.aptent.taciti@google.be;10/02/1988;03 61 33 26 65;553-3277 Massa St.;85351;Poitou-Charentes;France;PL14467174644242801333013483;Single
Idola ; Ramsey;F;nullam.feugiat.placerat@yahoo.com;07/08/1988;02 64 38 42 26;310-4519 Faucibus. Ave;31606;Haute-Normandie;France;AL78058598294508937572445545;Divorced
Ryan ; Garner;X;aliquet@icloud.fr;04/09/1995;08 43 28 83 43;132-1196 Per Ave;6359;Picardie;France;HU68784662876217943832425684;Single
Aaron ; Gallegos;F;fringilla.ornare.placerat@icloud.be;07/07/1992;07 41 29 51 45;809-3833 In Rd.;62328;Franche-Comte;France;GR3833175395794764842729030;Married
Deborah ; Hartman;F;fermentum.convallis@outlook.com;20/09/1989;02 78 58 62 16;145-7345 Rutrum Rd.;47162;Alsace;France;KZ161889732171223531;Single
Beverly ; Buck;F;malesuada.fames.ac@google.fr;14/03/2002;03 66 67 55 45;462-8009 Conubia Ave;20293;Centre;France;CY74031563126793161729015622;Married
Josiah ; Blackburn;F;ut.aliquam@outlook.com;08/11/1996;07 76 46 37 53;Ap #341-2274 Sed Avenue;34478;Nord-Pas-de-Calais;France;HR6500373546437556335;Married
Arden ; Finch;F;lorem@aol.fr;15/01/1980;07 16 35 23 14;Ap #419-7294 Libero Rd.;69035;Pays de la Loire;France;MC2660862611915517752166243;Single
Cain ; Landry;X;litora.torquent@google.com;20/07/1989;09 78 25 58 69;Ap #890-7893 Aliquet Street;12862;Midi-Pyrenees;France;PK1636206270833808373224;Divorced
Nell ; Clemons;F;amet@google.com;12/02/1979;02 77 16 17 22;P.O. Box 966, 5732 Ac Street;76553;Haute-Normandie;France;BH24241363377931002201;Married
Hillary ; Cantrell;F;a.enim@aol.be;10/06/1977;04 05 34 37 41;572-5170 Suspendisse Avenue;6353;Haute-Normandie;France;GR1492455546665333760683524;Single
Raphael ; Chandler;F;et@outlook.fr;09/09/1999;03 13 75 76 41;Ap #306-5503 Ligula. Av.;62230;Corse;France;GE12967543256534841724;Single
George ; Grimes;F;malesuada.ut.sem@google.fr;14/03/1985;06 91 36 35 65;423-6092 Scelerisque, St.;40086;Picardie;France;AZ35733441945682272472111338;Married
Yolanda ; Reeves;F;mauris.a@outlook.be;02/11/1991;04 71 31 62 82;Ap #980-7643 Quis, St.;24533;Haute-Normandie;France;PK2525844274684825387180;Single
Alvin ; Pittman;X;eu.accumsan@icloud.be;21/03/1983;04 33 81 66 28;4486 Amet Ave;97322;Haute-Normandie;France;KZ073021574138588225;Divorced
Isaiah ; Foley;F;justo.praesent@aol.fr;08/02/1995;06 39 46 85 33;7799 Aliquet Road;19964;Haute-Normandie;France;LU342275786175543123;Married
Stephanie ; Myers;F;egestas.lacinia@icloud.be;30/10/2004;04 52 67 87 11;401-3227 Dignissim Avenue;46121;Pays de la Loire;France;BG34SREW65076711183356;Married
Sawyer ; Boyle;X;vitae.odio@yahoo.be;12/05/2001;05 47 17 00 72;136-9073 Orci Rd.;77508;Limousin;France;EE404355131218921514;Divorced
Emma ; Rush;M;aptent.taciti@outlook.fr;28/02/1995;02 56 46 88 22;9727 Ipsum Street;64814;Champagne-Ardenne;France;TN1488722171521466186258;Divorced
Jacqueline ; Wright;M;vestibulum.lorem@yahoo.com;12/08/2000;08 24 10 43 04;811-8815 Commodo Rd.;74261;Centre;France;BA298391383782616890;Divorced
Alma ; Craig;M;neque@aol.be;18/03/1994;05 86 35 71 98;P.O. Box 712, 8355 Volutpat Av.;50299;Pays de la Loire;France;MD9134113830732154143504;Married
Sonya ; Howe;X;adipiscing.lobortis@icloud.fr;14/03/1984;07 47 15 13 38;8689 Nonummy Ave;213;Haute-Normandie;France;BG38QAQE40261887715554;Married
Sasha ; Greer;X;nisi.dictum.augue@yahoo.fr;03/09/2004;06 51 35 18 51;P.O. Box 923, 382 Arcu Av.;94952;Franche-Comte;France;CZ4092018357983815813058;Married
Lael ; Lane;F;vivamus.nisi@hotmail.be;20/01/1998;03 40 63 56 32;7004 Erat Av.;23929;Limousin;France;AE588777474902726835611;Divorced
Garrett ; Arnold;F;ligula@google.com;07/10/1988;03 53 31 35 13;Ap #541-2461 Ipsum. Ave;84669;Aquitaine;France;FI0967955282217830;Single
Kevin ; Stewart;X;ante.dictum.mi@yahoo.be;31/01/1990;05 50 96 52 82;Ap #926-2916 Nascetur Avenue;38948;Île-de-France;France;GT96542601172183314423487733;Married
Joan ; Guerra;F;pede.et@icloud.com;23/04/1988;05 89 54 24 80;5605 Leo. Avenue;46450;Champagne-Ardenne;France;IE62CEET25264246279288;Single
Ursa ; Pena;M;phasellus.dolor@yahoo.com;25/10/1990;05 16 95 37 16;625-3755 Odio Road;27142;Lorraine;France;ES3516778514044356218798;Married
Dylan ; Finley;F;diam.sed@icloud.com;06/06/1983;04 55 11 88 84;P.O. Box 317, 3472 Tortor, St.;43838;Basse-Normandie;France;SE6594215337664595223052;Divorced
Jada ; Dorsey;F;rutrum.justo.praesent@yahoo.com;25/11/1980;04 42 22 00 56;Ap #153-8149 Nunc St.;29041;Lorraine;France;SE0425029022711681236717;Divorced
Anika ; Flores;M;dictum.cursus@icloud.be;18/01/1983;06 40 46 42 01;P.O. Box 132, 4132 Mollis. Rd.;74391;Lorraine;France;GI50ZCTG136117158465773;Single
Vielka ; Foster;F;turpis.aliquam@yahoo.fr;08/09/1999;05 68 94 40 35;Ap #621-2510 Non Rd.;24797;Poitou-Charentes;France;RS69032818988480748577;Single
Beverly ; Maldonado;M;lacus@icloud.be;07/11/2000;05 02 83 78 40;P.O. Box 617, 2859 Eu Ave;46868;Franche-Comte;France;PS716482707572673686613752872;Divorced
Mannix ; Merrill;M;mollis.nec@outlook.com;30/05/1992;04 95 10 42 16;Ap #131-4505 In Rd.;28747;Bretagne;France;IL598579560007761982571;Married
Danielle ; Wiggins;X;condimentum.eget@hotmail.fr;25/10/1994;07 73 17 75 52;281-894 Donec Ave;52357;Franche-Comte;France;PL85869679233507520423128877;Single
Jeanette ; Sargent;F;a.tortor@hotmail.be;31/05/1989;06 21 96 71 34;Ap #282-3982 Mi St.;35863;Île-de-France;France;IS806215158523651849361119;Single
Kato ; Forbes;M;pellentesque.tellus@icloud.com;25/12/1996;03 31 22 50 77;P.O. Box 755, 4375 Neque. Rd.;17633;Corse;France;CZ5569116830662211830875;Divorced
Isabella ; Maxwell;M;fames@aol.fr;09/11/1996;06 55 43 53 70;Ap #584-6617 Sit Rd.;49462;Lorraine;France;GI24CJGN135618677886945;Divorced
Ira ; Chase;M;luctus.lobortis@outlook.fr;09/07/1995;02 88 74 11 47;392-7733 Lectus Ave;38373;Bretagne;France;CY16774944926165912651655588;Married
Basil ; Huber;F;eget@hotmail.fr;25/09/1998;07 61 82 67 74;Ap #300-6225 Nec St.;52243;Bretagne;France;LB37645830598310589556314864;Single
Ariel ; Boyd;M;lobortis.tellus.justo@google.fr;30/01/1985;02 29 06 25 57;Ap #602-6471 At Avenue;45343;Alsace;France;CR8531625771548891819;Single
Sharon ; Casey;X;quis.tristique@outlook.fr;25/06/1991;09 42 10 45 01;Ap #607-6189 Lorem, Road;72904;Centre;France;LB44061034131812162754116649;Divorced
Jamal ; Salinas;M;mauris.blandit@outlook.be;04/07/1990;03 68 33 40 65;213-6615 Lectus, Avenue;24622;Provence-Alpes-Cote d'Azur;France;FO7742416283566504;Divorced
Kibo ; Benton;M;lorem@yahoo.com;10/07/1991;06 46 41 44 45;Ap #898-7590 A, St.;68793;Île-de-France;France;CR2237732634772274552;Married
Nash ; Perez;X;et@aol.be;25/04/1987;05 15 32 67 15;Ap #926-3351 Eleifend Av.;63112;Île-de-France;France;FO4306761978144407;Single
Harrison ; Little;F;vulputate@icloud.fr;10/01/1987;05 85 16 38 73;P.O. Box 440, 1867 Velit. Road;6256;Corse;France;AT259212325293656183;Divorced
Shoshana ; Reid;M;ante@yahoo.com;04/12/1977;03 82 31 17 58;6658 Commodo Road;21672;Corse;France;LU334988258876498472;Married
Melvin ; Phelps;F;nunc@aol.be;16/04/1978;06 56 13 24 65;P.O. Box 310, 7443 Morbi Road;85828;Poitou-Charentes;France;BA679865832350746193;Single
Levi ; Ramsey;F;tempus.scelerisque.lorem@hotmail.com;06/04/2004;05 79 41 64 60;292-9377 Aliquet, Av.;89335;Provence-Alpes-Cote d'Azur;France;VG0757617498326050943983;Divorced
Angelica ; Steele;M;lorem@hotmail.fr;26/11/1995;08 96 52 09 12;775-4739 Nunc Rd.;14920;Aquitaine;France;MC7488773235709621435875743;Single
Edward ; Harmon;F;accumsan.laoreet.ipsum@aol.fr;03/09/1977;05 32 49 52 70;799-7764 Netus Ave;47845;Centre;France;TN2655646245175732562366;Divorced
Judith ; Downs;X;tincidunt.neque@hotmail.be;23/02/1986;03 85 67 51 31;429-7481 Non, Rd.;85965;Île-de-France;France;BA532845618951307644;Divorced
Hedwig ; Burch;M;sodales.mauris@google.com;31/10/1995;07 38 46 98 03;5533 Nullam Av.;20151;Basse-Normandie;France;SA7751850818085565865602;Divorced
Aileen ; Collins;X;pede.cum@outlook.com;27/06/1999;01 46 56 95 19;448-2585 Est St.;86009;Basse-Normandie;France;LB77385729725324234456807147;Married
Gareth ; Townsend;X;donec.porttitor@outlook.com;26/08/1988;06 65 74 14 75;Ap #646-5904 Libero Street;59853;Lorraine;France;CR8793702657441511183;Married
Zenaida ; Barlow;F;risus.quisque@google.be;17/08/2002;04 78 95 11 44;Ap #495-2144 Condimentum. St.;61772;Picardie;France;NO0658558128491;Divorced
Dale ; Richards;X;malesuada.ut@yahoo.fr;08/11/1986;06 76 68 18 17;P.O. Box 893, 7248 Vulputate, Avenue;76861;Aquitaine;France;MR5101567476119662252294670;Married
Barrett ; Morrison;M;a.malesuada@outlook.fr;01/10/1978;03 81 08 71 62;711-2093 Risus Road;66181;Alsace;France;FR0482148524727225871984386;Divorced
Finn ; Perez;F;at@outlook.fr;22/08/1994;09 43 24 53 67;574-1855 Montes, St.;17597;Languedoc-Roussillon;France;BE22451232613552;Single
Francesca ; Summers;X;aliquam.tincidunt@yahoo.com;20/11/1979;05 81 23 05 24;Ap #983-6190 Enim, Av.;89774;Bourgogne;France;HU32066578488306228989181758;Single
Aquila ; Ochoa;M;nisl.elementum@icloud.com;04/07/1990;04 37 79 35 46;Ap #532-235 Imperdiet St.;13268;Picardie;France;SA0583338401353532142537;Married
Malik ; Gregory;F;dictum.sapien.aenean@icloud.com;24/09/2003;02 71 73 56 38;P.O. Box 417, 3533 Eu St.;43251;Basse-Normandie;France;PK0241783289156524738515;Divorced
Quon ; Berger;F;eleifend.non@yahoo.com;02/12/1981;05 27 16 06 81;Ap #916-135 Duis Street;37235;Champagne-Ardenne;France;CR5798385571776620943;Divorced
Brendan ; Christian;F;nulla@icloud.be;31/05/1982;05 37 23 42 26;116-614 Vel Ave;16442;Midi-Pyrenees;France;GT93045914543135425740334780;Married
Wade ; Crane;M;tempor.lorem@icloud.fr;14/04/1996;02 42 18 92 28;9838 Sed Road;66346;Île-de-France;France;IL057122968513121074013;Married
Reese ; Rhodes;M;dictum@aol.fr;04/11/1983;03 37 37 84 15;652-3443 Ipsum Avenue;68360;Bourgogne;France;RO41DTFN9568214364850321;Married
Kuame ; Thomas;X;ipsum.suspendisse.sagittis@hotmail.com;18/09/1999;06 25 00 53 24;Ap #429-9188 Fusce St.;51672;Alsace;France;MK26710344443711943;Married
Kiayada ; Pruitt;F;convallis.convallis.dolor@icloud.com;01/11/1996;04 51 65 52 96;Ap #140-3234 Sit St.;16624;Nord-Pas-de-Calais;France;RS92888816678257742018;Single
Levi ; Holmes;M;nec.imperdiet.nec@outlook.fr;27/07/1997;06 11 28 37 82;466-8317 Sit Rd.;82691;Franche-Comte;France;VG5644521114578564152842;Divorced
Bradley ; Walsh;F;et.magnis@google.com;17/06/1992;02 33 77 19 17;Ap #207-4448 Lectus. Ave;63131;Basse-Normandie;France;BA584297206275421444;Married
Amethyst ; Hoffman;F;cras.vehicula@hotmail.com;12/03/1985;01 70 25 66 74;Ap #643-9632 Adipiscing Avenue;60133;Aquitaine;France;LV02JWDB7696286522802;Divorced
Dexter ; Horton;F;ac@outlook.be;12/12/2001;04 67 56 74 32;P.O. Box 882, 3125 Pharetra. Road;51845;Auvergne;France;TN9161013060651425082707;Divorced
Keaton ; Mitchell;F;nisl@google.be;28/08/1992;05 94 35 91 27;524-366 Rhoncus. Avenue;67229;Aquitaine;France;LU738558368466661329;Single
Troy ; Short;F;mauris@hotmail.fr;25/05/1995;04 16 14 17 24;Ap #596-7817 Tincidunt, Av.;43553;Bretagne;France;SI54824686460969820;Divorced
Julian ; Castaneda;F;consectetuer.ipsum@aol.be;23/01/1995;07 25 70 26 09;536-8906 Integer Street;19836;Provence-Alpes-Cote d'Azur;France;MC2184622586722781447452486;Divorced
Amber ; Malone;X;adipiscing.enim@hotmail.fr;11/02/1991;05 03 12 94 43;Ap #144-1128 Egestas. Road;81815;Languedoc-Roussillon;France;KZ073339393637216388;Married
Karly ; Joseph;X;nam@yahoo.be;28/09/1981;03 38 98 47 19;Ap #107-7268 Quis, Ave;26615;Pays de la Loire;France;AZ61565842396271164501960467;Married
Petra ; Montoya;F;imperdiet.ullamcorper@icloud.com;20/11/1978;05 57 52 68 14;507-3248 Ligula. Rd.;74275;Poitou-Charentes;France;FR9895046584646151605082015;Married
Iliana ; Johnson;X;quis@icloud.fr;27/05/2004;03 22 35 17 92;4864 Tempor Road;23310;Aquitaine;France;FI6369571546292817;Divorced
Charity ; Rivers;F;ac@yahoo.fr;11/09/1983;08 84 61 04 57;272-1239 Sit Avenue;22711;Champagne-Ardenne;France;RS08857919686159386256;Single
Clark ; Landry;M;neque.et@hotmail.com;14/02/2004;05 39 72 44 33;P.O. Box 736, 2253 Curabitur St.;47301;Languedoc-Roussillon;France;HU10633833241013707630944241;Divorced
Tucker ; Snider;F;eu.odio@aol.be;10/11/1999;08 69 01 44 23;Ap #306-3819 Nam Road;76792;Bretagne;France;GR7765856267617504380232046;Divorced
Hakeem ; Hyde;F;diam@google.com;16/08/2002;07 92 16 25 30;465-5653 At, Avenue;54823;Languedoc-Roussillon;France;NL59SWOM3987682539;Divorced
Raven ; Holman;M;lacus.etiam.bibendum@yahoo.com;16/06/1999;02 24 26 39 76;9381 Magna St.;59324;Alsace;France;SA4974181785867565010388;Married
Barbara ; Ferrell;X;ut.nec@aol.com;01/02/1984;04 44 71 58 03;708-8918 Convallis St.;11765;Picardie;France;LU940774442352248135;Married
Ashton ; Harrington;F;ultrices.a@yahoo.be;07/12/1984;05 06 38 90 82;Ap #170-6551 Ornare St.;59563;Basse-Normandie;France;AE481753472651118581147;Married
Sacha ; Wagner;F;phasellus.ornare@google.fr;06/01/2001;02 07 16 15 85;4912 Augue Street;72816;Languedoc-Roussillon;France;GI88IPPX627206354755458;Divorced
Vielka ; Dickson;X;dui.semper.et@aol.fr;26/08/1977;09 03 86 98 25;P.O. Box 139, 5839 Ultrices. St.;72561;Haute-Normandie;France;IS973689719396882164136314;Married
Hayfa ; Barry;X;metus@yahoo.be;05/09/1985;02 82 38 82 10;701 Vitae Rd.;86763;Midi-Pyrenees;France;SK3168443865874912375152;Divorced
Dennis ; Washington;X;dictum.placerat.augue@yahoo.fr;08/05/1994;03 25 84 83 21;6128 Parturient Street;37868;Île-de-France;France;LT345835138759451272;Divorced
Nolan ; Malone;M;diam.sed.diam@outlook.com;08/06/1978;03 42 95 74 16;P.O. Box 534, 8034 Libero Avenue;54233;Midi-Pyrenees;France;BA055227910947814647;Married
Desirae ; Hicks;X;enim.sit@google.com;02/05/1981;07 84 55 27 54;813-633 Pede. Av.;76667;Franche-Comte;France;AL17894785038388735246603981;Single
Kai ; Johns;F;in@google.com;30/11/2001;08 78 20 04 81;P.O. Box 409, 8322 Accumsan Rd.;71406;Limousin;France;TN1946032544061528822619;Single
Jeanette ; Sexton;F;augue.malesuada@google.be;11/12/1980;01 55 44 49 37;P.O. Box 511, 3707 Etiam Rd.;27230;Bretagne;France;BE91717367804194;Single
Remedios ; Larson;X;cubilia@yahoo.fr;13/09/1977;04 97 34 28 25;902-9277 Dis Av.;13775;Auvergne;France;IS481108572312039358215583;Single
Teegan ; Bender;X;risus@google.com;20/05/1989;01 94 24 70 54;953 Eu, St.;35302;Franche-Comte;France;BA877225404741443679;Single
Lewis ; Weiss;X;erat.nonummy@outlook.fr;06/01/1983;04 61 53 92 11;351-2229 Faucibus Avenue;92748;Nord-Pas-de-Calais;France;ME75001974539655053540;Married
Tana ; English;F;aliquet.magna@outlook.com;14/07/1980;03 85 40 59 42;Ap #234-3311 Faucibus St.;18547;Corse;France;GL1257185145286728;Divorced
Jin ; Park;F;dolor.tempus@google.fr;01/08/1995;04 44 52 17 59;Ap #452-4371 Morbi Av.;17513;Alsace;France;CH1684663485835831733;Divorced
Lane ; Vega;F;neque@outlook.be;16/12/1998;07 12 28 61 60;921 Sed St.;35626;Lorraine;France;GR2274648455020945676806952;Divorced
Keefe ; Patton;X;feugiat.sed.nec@google.fr;28/08/1979;03 40 07 81 64;Ap #530-1006 Dis Av.;28429;Corse;France;RO96KIRE5378600426213249;Married
Rogan ; Cochran;M;mi@aol.com;28/07/1983;04 42 96 35 44;152-4664 Ipsum. Rd.;40605;Provence-Alpes-Cote d'Azur;France;PL77657335323925548468127230;Married
Ryder ; Hicks;F;non.nisi@google.be;25/02/1988;05 47 02 07 50;829-7293 Ligula Rd.;86419;Midi-Pyrenees;France;LU614205096394484345;Married
Steel ; Franklin;M;urna.et.arcu@yahoo.fr;15/02/1985;04 70 21 13 41;Ap #514-8682 Orci, St.;82877;Corse;France;DE86083918386111462576;Divorced
Brock ; O'Neill;X;tellus.nunc@icloud.be;19/10/1996;09 73 70 06 59;371-126 Sem Rd.;64313;Bourgogne;France;MD2120549504233814157259;Single
Jescie ; Gilliam;F;lorem.fringilla@google.be;28/06/2004;05 12 12 37 41;482-4752 Nam Av.;46531;Basse-Normandie;France;SK0583380862046088484318;Divorced
Peter ; Jordan;M;ac@hotmail.be;29/06/1977;05 57 26 64 24;Ap #921-3257 Eros St.;45681;Languedoc-Roussillon;France;AT196525522601537686;Single
Orla ; Randall;X;curabitur.sed@google.be;28/03/2003;09 67 42 55 87;891-163 Aliquam St.;27366;Nord-Pas-de-Calais;France;GB77DGVU60783377955165;Married
Chaney ; Williams;F;mauris.erat.eget@yahoo.com;15/06/1991;05 54 83 79 44;Ap #266-7355 Erat Rd.;8716;Aquitaine;France;AD5351633170602163868145;Single
Jessica ; Mercer;X;erat.vivamus@google.fr;31/12/1980;07 12 67 48 67;Ap #505-5460 Dictum Street;35343;Pays de la Loire;France;LV69IMBR2027676242824;Married
Nehru ; Mccormick;F;ligula.consectetuer.rhoncus@icloud.fr;29/10/2001;02 88 13 66 17;Ap #851-6320 Tristique Avenue;18428;Bretagne;France;CR1271685443891483406;Single
Ella ; Sellers;X;proin@icloud.fr;06/02/1991;09 22 73 20 66;239-1649 Pede Rd.;52497;Pays de la Loire;France;FO8664696639115042;Married
Keefe ; Chen;F;curabitur.consequat@aol.com;08/02/1993;04 43 27 73 52;Ap #236-8168 At, Avenue;56369;Île-de-France;France;MC6828854754643246034461325;Married
Zeph ; Bernard;X;nam.ac@hotmail.fr;15/11/1986;04 41 15 58 28;373-7800 Erat Ave;48285;Midi-Pyrenees;France;MD5603879100433112512139;Single
Kibo ; Oliver;F;molestie@aol.be;27/03/1991;03 47 01 53 93;P.O. Box 519, 9199 Nam Ave;76483;Bourgogne;France;TR733652621746772229114014;Married
Nasim ; Lynch;F;vitae.velit@google.com;06/01/1996;07 41 35 54 37;P.O. Box 631, 4210 Morbi Rd.;20837;Pays de la Loire;France;LI8537460663047969958;Married
Zorita ; Skinner;M;magna@outlook.be;29/07/1979;08 84 07 61 14;9625 Convallis Street;17922;Champagne-Ardenne;France;GT98302856620950475426196188;Married
Ashely ; Molina;X;erat@outlook.be;30/06/1985;09 74 27 44 79;962-8119 At Road;72624;Picardie;France;IL057758241909403727637;Single
Judah ; Boyle;X;ornare@icloud.com;25/05/1978;06 25 17 25 52;Ap #285-4567 In Rd.;16615;Haute-Normandie;France;FI6256383864464048;Married
Colette ; Contreras;X;aliquet.sem.ut@icloud.fr;18/08/1988;01 35 16 69 96;Ap #469-327 Lacinia Rd.;76886;Bourgogne;France;ES5015755641851187840715;Married
Cade ; Franco;F;amet.nulla.donec@icloud.be;15/10/1978;04 65 29 58 73;Ap #624-211 Dictum Ave;3560;Midi-Pyrenees;France;IT825PGYKI03284833081434124;Divorced
Xanthus ; Caldwell;F;aliquet.metus@icloud.fr;31/12/1979;03 76 26 91 40;5569 Est, St.;73361;Île-de-France;France;IT456KTYPI64018521814473418;Divorced
Dana ; Herrera;X;a.feugiat.tellus@google.be;14/03/1978;09 42 28 47 47;114-1303 Quam. Avenue;82203;Provence-Alpes-Cote d'Azur;France;MK41195222265974715;Single
Gregory ; Vargas;X;magna.a.tortor@yahoo.be;07/12/1998;08 52 34 70 62;130-1138 Lectus. St.;74766;Nord-Pas-de-Calais;France;MC3647576867439751065567551;Married
Gavin ; Howard;X;nunc.sed@aol.be;22/09/1994;04 87 32 68 14;875-3025 Tempus Avenue;27287;Picardie;France;PT37422735843455836336738;Divorced
Eugenia ; Gregory;X;dui.quis@aol.com;07/03/2002;04 76 43 70 23;241 Sem St.;77583;Corse;France;AZ90735361242564880393121327;Married
Ezra ; Douglas;F;imperdiet.dictum@icloud.fr;06/06/1992;03 85 39 67 85;107 Justo Street;34035;Corse;France;GB31STQG35581377847093;Single
Ariana ; Morris;X;ac.mattis@google.be;01/03/1979;08 33 43 94 83;4107 Sed Avenue;24963;Centre;France;IT327OCYRI18635572474844716;Married
Zeph ; Mathis;M;diam.eu@icloud.fr;02/03/2003;07 35 50 36 57;8831 Consectetuer Rd.;59875;Auvergne;France;AE153024120121083794493;Divorced
Xavier ; Mccarty;F;nullam.enim@yahoo.be;02/12/1981;09 49 92 82 60;959-9052 Vestibulum Rd.;66259;Haute-Normandie;France;GI79MTYL702424621663455;Single
Theodore ; Ramos;F;sem.molestie@aol.com;27/02/1982;01 15 11 44 61;Ap #501-1699 Convallis Rd.;81371;Haute-Normandie;France;AE178317831988268793642;Divorced
Evan ; Holcomb;F;lorem.donec@aol.com;03/03/1979;08 95 04 63 38;609-4115 Malesuada Ave;76599;Poitou-Charentes;France;CR0962365774865746460;Married
Kaseem ; Boyd;M;maecenas@google.com;17/10/1989;06 82 66 49 06;Ap #261-8852 Pellentesque Rd.;44446;Limousin;France;LT314484558721031486;Married
Gillian ; Ewing;F;mollis.vitae.posuere@icloud.fr;13/10/1986;08 33 54 26 67;Ap #983-2986 Duis Ave;85762;Picardie;France;HR7356531162516648262;Married
Bert ; Ward;F;turpis@icloud.be;16/12/1998;01 12 33 62 10;P.O. Box 308, 278 Nonummy Rd.;84767;Champagne-Ardenne;France;MC9565828963555016834647830;Married
Fuller ; Baird;F;ac@google.com;06/04/1979;07 87 78 06 83;Ap #470-495 Sed St.;35435;Poitou-Charentes;France;LV63IMUR5958836197126;Married
Clarke ; Kerr;M;sem.pellentesque@icloud.com;03/05/2001;03 87 27 98 96;678-9872 Lorem St.;51296;Lorraine;France;IT061GXTGI25143562856852556;Single
Anastasia ; Rivers;M;sit.amet.orci@hotmail.com;07/01/1994;03 83 27 64 91;P.O. Box 637, 6776 Aliquet Road;33626;Provence-Alpes-Cote d'Azur;France;IT638RWWBI11142164114455819;Married
Quyn ; Hodge;F;sodales.nisi@google.com;17/09/1991;02 45 91 32 45;P.O. Box 387, 5325 Vitae Avenue;56203;Auvergne;France;MR6274162325235651687584817;Single
Nola ; Dalton;X;ac.feugiat@icloud.fr;28/11/1977;04 44 56 22 17;P.O. Box 162, 2177 Euismod St.;94335;Champagne-Ardenne;France;AT474397826348147123;Single
Daria ; Mann;M;tincidunt@hotmail.be;27/01/1991;04 05 79 45 62;2807 Ac St.;67257;Provence-Alpes-Cote d'Azur;France;BH87976372109361668813;Divorced
Danielle ; Espinoza;F;et@icloud.be;20/07/1985;08 22 11 86 57;Ap #239-3482 In Street;2821;Lorraine;France;FR5311042327755657319670172;Divorced
Buckminster ; Bailey;F;ut.nec@hotmail.be;28/12/2000;02 72 95 66 41;5121 A, Rd.;37171;Picardie;France;DK1727335270243246;Divorced
Lacota ; Herring;M;primis.in.faucibus@aol.be;20/08/2002;08 60 28 21 54;537-2684 Ante Street;26451;Midi-Pyrenees;France;VG7833954272526498358122;Single
Portia ; Larsen;F;lectus.justo@hotmail.be;21/05/1997;08 08 31 24 24;P.O. Box 460, 6054 Metus. Av.;74177;Franche-Comte;France;CH4852661101325622843;Divorced
Fitzgerald ; Whitney;F;mi@hotmail.fr;24/08/1982;03 20 48 38 52;P.O. Box 789, 7233 Vivamus Rd.;32774;Bourgogne;France;LU933888260629684317;Divorced
Carly ; Sanders;X;vel.nisl.quisque@aol.com;02/09/2000;05 57 15 64 58;P.O. Box 902, 5421 Rutrum Ave;10118;Auvergne;France;CZ2379346446131557578851;Single
Mannix ; Garcia;X;lobortis.quam.a@aol.fr;17/03/1979;07 54 05 55 95;3409 Etiam Rd.;4072;Nord-Pas-de-Calais;France;GT87972408369231363961757258;Divorced
Macaulay ; Copeland;M;ultrices@google.fr;01/06/1988;01 33 62 67 35;727-737 Urna. Road;57731;Île-de-France;France;IT812CMIFI83684285057880671;Married
Armand ; Roberts;F;nec.ligula.consectetuer@yahoo.com;29/08/1992;02 60 07 24 86;580-1746 Arcu. Rd.;74667;Bretagne;France;LV47BRRC0886728139491;Divorced
Ezekiel ; Day;F;mus.proin.vel@outlook.be;28/01/1979;08 33 75 93 91;380-1320 Fringilla Rd.;17186;Basse-Normandie;France;DE04754786496918105110;Divorced
George ; Pratt;F;elit.a@hotmail.be;01/09/1977;08 45 88 27 73;192-7344 Tincidunt St.;68153;Bretagne;France;BA376703861752597725;Divorced
Darryl ; Tyson;F;lacus.aliquam@icloud.be;01/06/1987;06 46 86 11 26;997-4224 Vulputate, Road;33926;Picardie;France;MC2225721261644729756829641;Divorced
Joshua ; Chen;M;massa.vestibulum.accumsan@icloud.be;20/10/2004;03 46 96 54 32;506-4649 Aliquam, St.;91720;Pays de la Loire;France;CR5604225474758090865;Divorced
Erasmus ; Cooper;X;rutrum.magna.cras@hotmail.com;27/03/1992;02 57 22 65 81;P.O. Box 686, 1495 Mollis. Ave;58745;Aquitaine;France;SM8521257654545814327246563;Divorced
Xyla ; Becker;M;nunc.sit.amet@icloud.com;02/05/2001;05 55 96 50 33;P.O. Box 940, 2226 Donec Rd.;6891;Limousin;France;AE635366926577659418518;Single
Hunter ; Flynn;X;ridiculus.mus.donec@hotmail.be;28/11/1984;08 20 14 16 98;2809 Nunc Avenue;20262;Provence-Alpes-Cote d'Azur;France;FI1847764511483401;Single
Ross ; Eaton;M;rutrum.lorem.ac@outlook.be;07/08/2001;02 68 30 38 10;Ap #115-5179 Lorem St.;85333;Île-de-France;France;GI89MCYI158815335661756;Married
Lisandra ; Morris;M;etiam.imperdiet.dictum@icloud.be;13/03/1982;07 45 58 42 22;8549 In Avenue;27211;Aquitaine;France;SI86684450917657455;Single
Otto ; Mcpherson;F;purus@aol.com;30/08/1994;06 02 77 45 47;264-2231 Adipiscing Rd.;24570;Pays de la Loire;France;GB47VGLZ32906730677526;Divorced
Medge ; Sullivan;X;enim.etiam.imperdiet@outlook.com;15/05/1980;04 77 26 11 93;550-1357 Libero. Avenue;90836;Bourgogne;France;AZ97176473634563637734263409;Married
Luke ; Williams;X;et.magnis@aol.fr;16/03/1989;03 28 12 82 51;Ap #676-6481 Sed Avenue;24737;Picardie;France;VG1754367436268741580798;Divorced
Jocelyn ; Sampson;F;dignissim.maecenas.ornare@yahoo.fr;07/09/1995;03 85 30 78 81;915-9038 Id, Road;75330;Aquitaine;France;AZ61451276845668531234218514;Divorced
Carl ; Steele;X;non.bibendum@hotmail.com;15/01/1988;02 88 27 54 61;485-5783 Sodales St.;74413;Alsace;France;LV96BONW3895810935698;Single
Jerry ; Bradshaw;F;mattis.cras.eget@hotmail.fr;24/12/2004;09 42 83 30 51;5602 Lectus St.;26586;Auvergne;France;BH51972363351871521993;Single
Fulton ; Bruce;X;amet.dapibus.id@google.fr;10/02/1994;02 05 31 11 48;Ap #808-4967 Eget Avenue;34599;Provence-Alpes-Cote d'Azur;France;CR1562167192302878735;Divorced
Maris ; Madden;F;ullamcorper.magna@icloud.fr;03/07/2000;06 85 31 50 73;Ap #944-8640 Enim St.;13221;Île-de-France;France;MT25LKVV45955707915521677342722;Divorced
Hope ; Cline;M;tempor.lorem.eget@yahoo.fr;08/06/1987;03 15 73 15 86;663-8390 Augue Avenue;22927;Haute-Normandie;France;AL39331741013187489754338815;Single
Rebecca ; Butler;F;ac.ipsum@yahoo.be;24/11/1978;01 82 98 13 35;P.O. Box 824, 1812 Donec Street;11642;Picardie;France;MR2061293822840653280877815;Divorced
Orson ; Frye;F;cursus.purus@outlook.be;13/07/2002;07 66 04 07 78;106 Aliquam Street;41254;Auvergne;France;BA264956840892922961;Married
Acton ; Noble;F;egestas.fusce@icloud.fr;13/10/1978;08 39 64 54 76;P.O. Box 228, 8649 Nunc Road;98192;Franche-Comte;France;NO2740751831614;Divorced
Oleg ; Juarez;F;tellus.id@icloud.com;16/11/1991;05 30 55 20 86;326-2938 Pede, Road;28331;Auvergne;France;LT440281507681042456;Married
Colette ; Duncan;M;velit.eu.sem@hotmail.fr;27/05/1996;03 86 46 12 23;481-3553 Sit St.;37353;Nord-Pas-de-Calais;France;LU815417626556488582;Divorced
Alexis ; Howe;F;at.lacus@outlook.com;16/01/1987;03 65 23 02 94;Ap #426-2278 Cursus Ave;57644;Bourgogne;France;GR8675221623504162269716519;Married
Hilary ; Drake;X;pharetra@icloud.be;06/04/1990;06 93 76 28 66;P.O. Box 702, 2649 Lacus Street;73558;Champagne-Ardenne;France;BA744160572214873788;Divorced
Hayden ; Joyce;F;tristique.senectus.et@aol.be;20/09/1996;06 38 72 63 68;298-304 Pharetra Road;73815;Basse-Normandie;France;FR8824140087548857584942153;Divorced
Vance ; Cooke;M;lectus.a.sollicitudin@icloud.com;16/07/1998;09 81 36 88 38;P.O. Box 407, 7587 Mi Street;30521;Auvergne;France;AT139648484155605274;Single
Celeste ; O'Neill;F;vel@icloud.be;05/10/1982;04 66 57 38 26;P.O. Box 134, 1687 Lobortis Ave;66275;Champagne-Ardenne;France;MU2112991597433574877432834138;Married
Abdul ; Durham;M;hendrerit.a@aol.com;01/04/1978;08 70 92 42 93;Ap #137-8215 Metus Rd.;10432;Pays de la Loire;France;LI4912578930166554773;Divorced
Lev ; Foster;M;euismod.enim@google.fr;01/11/1990;07 63 07 95 29;530-6988 Nullam Avenue;83703;Corse;France;HR4017618147043281048;Single
Adara ; Gamble;F;orci.ut@google.com;10/03/1995;05 92 53 14 25;P.O. Box 836, 263 Mauris St.;76020;Midi-Pyrenees;France;PT62839145557699215517761;Single
Uriel ; Holden;X;aliquam@aol.fr;27/02/2002;06 34 21 54 55;8216 Malesuada Road;34676;Basse-Normandie;France;MU5348914584335643882513482633;Single
Dorothy ; Mcconnell;M;neque.tellus@yahoo.fr;04/06/1994;05 33 95 67 89;1776 Tellus. Avenue;2716;Picardie;France;TN7847802567611858687442;Divorced
Petra ; Robinson;F;sit@icloud.be;12/06/1978;02 08 86 53 34;237-5182 Mauris Rd.;7762;Nord-Pas-de-Calais;France;KW0840318774954440342572411447;Married
Harper ; Baker;F;lacus.nulla@aol.com;15/05/1977;06 75 53 80 47;459-4386 Ac, Road;61482;Limousin;France;RO29CWPX4916650381837521;Divorced
Neil ; Dejesus;F;nascetur@yahoo.com;12/04/2003;04 35 02 38 03;Ap #638-3426 Amet, Avenue;42415;Île-de-France;France;BG07QVIL73973143371232;Single
Quemby ; Hayden;M;suspendisse@outlook.com;29/07/1994;09 82 43 92 30;P.O. Box 803, 6315 Tellus, Road;2414;Franche-Comte;France;SA7718153887013814484585;Divorced
Pamela ; Sanchez;F;odio@yahoo.be;08/10/1977;06 86 02 54 61;2705 Luctus St.;54808;Nord-Pas-de-Calais;France;BG33GEDR43387435892685;Married
Belle ; Perry;M;proin.vel@yahoo.fr;22/03/2005;05 22 28 69 23;832-8445 Et, Av.;84084;Centre;France;AT265830367816043319;Single
Tashya ; Alford;M;vulputate.risus@google.be;05/02/1990;09 83 56 47 64;Ap #960-5367 Mauris Street;85443;Poitou-Charentes;France;BE96851228218585;Married
Natalie ; Oneal;F;lacinia@icloud.be;15/12/1982;05 18 77 18 38;779-9058 Egestas, Av.;96883;Bourgogne;France;GT19256877261458847159345147;Single
Uma ; Gonzalez;F;quam.pellentesque@aol.com;24/03/2003;03 61 14 27 24;Ap #177-7028 Neque Ave;66228;Alsace;France;MU4876868427272445644881046210;Single
Rinah ; Washington;F;nam@hotmail.be;09/09/1996;07 37 10 13 23;338-2055 Sit Avenue;36648;Centre;France;IT668GXYZI27442581714766939;Divorced
Gay ; Weber;F;feugiat@icloud.com;03/02/1989;06 15 10 91 56;4511 Et, Rd.;33748;Centre;France;ES5054804883855923866563;Single
Mona ; Porter;M;tempor.diam@yahoo.com;15/08/1996;02 75 58 38 96;P.O. Box 895, 7504 Dui, Avenue;88362;Aquitaine;France;AE527328863255344356327;Single
Ignacia ; Oneil;F;mollis.phasellus@yahoo.be;17/05/1983;04 27 71 29 96;P.O. Box 386, 9836 Congue Ave;86878;Languedoc-Roussillon;France;FO3487333841746784;Single
Diana ; Stone;X;fermentum.arcu@outlook.com;17/05/1993;06 09 48 32 72;790-5310 Leo. Ave;71897;Pays de la Loire;France;LU948372184537803891;Married
Nathan ; Willis;F;odio@hotmail.com;07/08/2003;01 55 55 05 68;Ap #669-7124 Magna. St.;77576;Corse;France;MU1729657022214258510614258467;Married
Melissa ; Albert;X;aliquam.rutrum@yahoo.fr;16/10/1979;07 63 24 12 82;620 Congue Rd.;70847;Bourgogne;France;AL64402075683882136608217216;Divorced
Ferris ; Macias;F;tempus.non.lacinia@outlook.fr;19/12/1991;03 27 94 80 78;384-7832 Sed Road;1366;Basse-Normandie;France;FR1217526454630182557751277;Married
Pandora ; Callahan;M;vestibulum@aol.com;04/11/1989;03 66 28 93 31;P.O. Box 368, 3670 Mauris Av.;76911;Pays de la Loire;France;SI27245354645579719;Divorced
Tarik ; Velazquez;F;facilisis.facilisis@outlook.fr;31/03/1979;08 27 19 43 84;186-449 Tortor. Rd.;4724;Champagne-Ardenne;France;GB64VSJJ09650081234536;Divorced
Yolanda ; Hodges;F;parturient.montes.nascetur@yahoo.com;09/03/2001;06 62 42 22 76;Ap #192-5009 Lacus. Rd.;15270;Bourgogne;France;ME85818508171730747618;Single
Kathleen ; Nelson;F;arcu.vestibulum@yahoo.be;22/01/1987;08 43 71 82 54;649-8837 Iaculis Rd.;43202;Languedoc-Roussillon;France;RO90GEFC8878189146535320;Single
Olga ; Gates;F;metus.in.lorem@hotmail.be;15/07/2003;02 64 50 31 51;880-8482 Amet, Road;1621;Provence-Alpes-Cote d'Azur;France;TR434885765297657955835221;Single
Rhoda ; Rogers;F;non.sollicitudin@google.fr;09/05/1990;06 46 16 27 76;Ap #394-9103 Dictum Road;75062;Corse;France;PS493153846641402946857137550;Single
Kareem ; Warren;X;mus.proin.vel@aol.fr;05/09/1998;03 65 79 48 42;126-5769 Pede. Street;53352;Aquitaine;France;GI20TNFG543854014248322;Single
Chaim ; Bright;F;accumsan.laoreet@icloud.be;03/09/1985;03 70 48 81 93;Ap #195-8469 Nec, Rd.;93627;Picardie;France;TR725816337426823682729711;Married
Naida ; Wise;F;in.aliquet@yahoo.fr;24/12/1987;02 41 51 55 33;P.O. Box 358, 2026 Nisl. Avenue;82541;Languedoc-Roussillon;France;GI83CGFF250433133753538;Divorced
Ezekiel ; Juarez;X;at.velit@yahoo.be;21/11/1999;06 23 24 22 72;Ap #130-8168 Ut Street;5883;Île-de-France;France;AD7380933416879032739918;Married
Alika ; Shepherd;X;in.faucibus@google.fr;10/02/1981;03 01 92 79 68;P.O. Box 148, 2941 Consequat, St.;31437;Nord-Pas-de-Calais;France;LB67187735472562362324956723;Married
Alfonso ; Byers;X;eu@yahoo.fr;07/06/1989;01 22 67 21 13;Ap #944-4660 Sed St.;44558;Poitou-Charentes;France;AZ43126152624387043785311347;Married
Frances ; Thompson;F;amet.consectetuer.adipiscing@google.fr;12/02/2002;07 21 83 53 58;287-4474 Diam Av.;56272;Haute-Normandie;France;MC6531680063222163117073053;Divorced
Giacomo ; Mckee;X;cursus@hotmail.com;23/03/2001;03 28 83 85 54;637-1582 Faucibus Rd.;50196;Franche-Comte;France;SM3262451382574139403780447;Divorced
Arsenio ; Wooten;F;augue@yahoo.fr;29/12/1992;07 73 63 26 35;5166 Scelerisque St.;67564;Centre;France;HU44144830465573683334929184;Single
Echo ; Marquez;M;tempor@aol.com;15/08/1981;06 41 26 25 68;Ap #313-6656 Tempus St.;55742;Bourgogne;France;ES5877674096469587844274;Married
Lacy ; Webb;F;orci.luctus@aol.fr;22/09/1986;05 35 54 63 51;9291 Auctor Ave;51148;Franche-Comte;France;SM0378813746913716232369222;Divorced
Galvin ; Drake;X;et@icloud.be;16/06/1994;09 77 46 22 73;P.O. Box 898, 6227 Eget, Ave;42852;Provence-Alpes-Cote d'Azur;France;GE71295288731153959463;Married
Ezekiel ; Jones;F;neque@outlook.com;13/01/1989;09 64 93 61 33;690-1816 Consectetuer Av.;41417;Île-de-France;France;IS266829075682770592824491;Married
Quinn ; Bird;M;arcu@hotmail.com;12/01/1988;07 76 68 81 91;259-365 Mi St.;93828;Nord-Pas-de-Calais;France;EE144106813547542782;Single
Adara ; Summers;F;dui.nec@aol.com;19/04/2003;04 40 27 52 47;688-9237 Ultrices Avenue;61404;Picardie;France;GT85209229746322444981877830;Single
James ; Craft;F;risus.quisque.libero@yahoo.fr;29/12/1984;08 40 02 24 63;Ap #187-885 Vitae Avenue;71694;Midi-Pyrenees;France;IT504HMYJI79901192184537275;Divorced
Caldwell ; Foreman;F;aliquet.phasellus@aol.fr;11/07/1994;03 82 31 23 43;903-8462 Nonummy Ave;31474;Languedoc-Roussillon;France;MU1385881743625333473393337065;Married
Erich ; Bates;M;luctus.sit@google.com;15/10/1991;05 81 96 85 66;P.O. Box 321, 7167 Aliquam Street;34311;Limousin;France;NO8402885685575;Married
Cheryl ; Willis;F;conubia.nostra@aol.fr;28/03/1986;01 57 59 06 64;655-333 Lectus. St.;45618;Midi-Pyrenees;France;SA9639553481134304511111;Single
Jessamine ; Brock;F;curabitur@hotmail.fr;23/02/2002;02 72 46 16 30;P.O. Box 391, 4062 Nullam Road;32244;Pays de la Loire;France;HR4147537738792543725;Divorced
Nolan ; Garza;F;tincidunt.dui.augue@icloud.com;20/12/1990;05 75 01 18 33;Ap #569-509 Nam Av.;32160;Franche-Comte;France;HU42581483487694752981482609;Married
Jasmine ; Mcmahon;F;ipsum@aol.be;29/11/1997;03 21 50 32 83;490-747 Et, St.;46175;Limousin;France;MK89275771249869264;Single
Hayfa ; Riley;F;lectus@hotmail.fr;13/06/1984;09 17 32 26 38;P.O. Box 777, 4493 Curae Avenue;6405;Picardie;France;AE953155385834210063842;Single
Harriet ; Whitley;F;ipsum.dolor.sit@hotmail.com;17/07/1997;03 48 17 42 57;P.O. Box 684, 9979 Non Avenue;67793;Nord-Pas-de-Calais;France;PK1818646513780823263048;Single
Oleg ; Oneal;X;dui.fusce@icloud.com;19/07/1994;07 24 42 41 63;217-6946 Dolor Rd.;93585;Lorraine;France;GL1103262102048108;Single
Lewis ; Clark;X;sed.pede@yahoo.be;29/09/1999;05 38 96 93 18;988-8507 Magna. St.;15466;Languedoc-Roussillon;France;MK40601184154399032;Divorced
Talon ; Gibson;M;egestas@outlook.be;12/04/1999;05 42 92 16 82;837-6763 Nisl Rd.;23818;Corse;France;SM5647756631651995442779330;Single
Allistair ; Lamb;F;pede.cras.vulputate@icloud.com;16/08/1981;07 24 21 21 34;Ap #317-7084 Auctor Street;73203;Languedoc-Roussillon;France;MU5649605581565505577125568791;Divorced
Mariko ; Fulton;M;purus.mauris@icloud.be;09/03/1990;07 54 51 44 58;Ap #290-3645 Ut St.;37287;Bretagne;France;GE93858789327706642483;Divorced
Griffith ; Sherman;M;felis@hotmail.be;22/05/1995;08 54 81 54 72;6960 Eu, Rd.;51818;Provence-Alpes-Cote d'Azur;France;GI55CHMX167919845566830;Single
Xaviera ; Hurley;M;ultrices@hotmail.com;15/09/1989;09 34 32 16 44;Ap #917-702 Lectus Road;11439;Pays de la Loire;France;AL76142913784566441758498997;Married
Zephania ; Lopez;M;nunc.sed.orci@google.be;09/08/1999;06 11 34 56 45;P.O. Box 493, 440 Amet Street;41278;Bretagne;France;CY70837016163246454723113555;Divorced
James ; Hewitt;F;proin@icloud.be;04/04/1982;07 45 66 95 67;Ap #582-4575 Cursus Av.;18875;Languedoc-Roussillon;France;KZ917452614059844728;Married
Risa ; Dunlap;F;mi@google.be;06/09/1980;04 31 71 26 43;Ap #639-9690 Odio St.;12642;Basse-Normandie;France;GT45223591348388528412118366;Married
Honorato ; Fischer;X;sem@outlook.be;12/08/2000;05 16 27 08 61;623-4659 Magna Avenue;33749;Île-de-France;France;GE69504431123742832477;Married
Laurel ; Wallace;F;praesent.interdum@aol.fr;30/10/1994;05 18 88 49 04;758-4397 Egestas. Ave;30510;Aquitaine;France;BE87758398165812;Single
Christian ; Quinn;M;justo.eu@aol.fr;08/06/1982;06 75 88 90 79;Ap #284-9067 Donec Avenue;75719;Alsace;France;KW2717258509172878742348476447;Married
Craig ; Sawyer;F;eu.neque@aol.be;05/04/2003;03 31 17 63 57;Ap #136-4291 Consectetuer Road;66889;Poitou-Charentes;France;MD7967975471347988413252;Married
Illiana ; Russo;X;arcu@google.com;02/02/2000;09 18 06 78 35;9512 Mauris Street;61573;Bretagne;France;LU412473816142342363;Divorced
Veda ; Glenn;F;volutpat@hotmail.fr;13/11/2003;06 12 33 12 34;523-882 Aliquam Avenue;42457;Corse;France;SA6436440887760411145482;Married
Ferris ; Wyatt;M;erat@yahoo.com;25/05/1999;08 84 45 89 54;759-4684 Nec Ave;69187;Champagne-Ardenne;France;HU27473222370641347815684544;Divorced
Hedwig ; Avila;M;cursus.non@icloud.fr;24/12/2001;07 46 08 25 47;Ap #602-500 Eu Av.;70615;Lorraine;France;IS124382061956237009713634;Divorced
Stone ; Butler;M;ante.nunc@icloud.be;04/10/1985;04 04 63 34 76;603-6943 Dui. St.;75513;Auvergne;France;PL53574711472015381749935276;Married
Whoopi ; Vaughn;X;nec.ante@aol.be;03/01/1981;09 08 10 15 03;254-9282 Lacus. Road;93696;Alsace;France;SE2479118539251837693177;Single
Rana ; Dalton;F;non.arcu@icloud.com;29/08/1986;03 64 78 14 63;Ap #785-7705 Posuere Road;31406;Provence-Alpes-Cote d'Azur;France;PS929074785848243111774173013;Divorced
Nola ; Leonard;X;id.enim@aol.be;05/03/1995;05 49 32 41 76;Ap #967-2613 Eget, St.;9198;Bretagne;France;GB61AFBO13018848634141;Divorced
Carlos ; Craft;X;a.odio@google.fr;01/12/1994;05 98 20 31 55;Ap #180-6835 Ipsum. Road;11378;Centre;France;AZ50242127356635374221936232;Single
Myles ; Lane;F;sapien.cras.dolor@yahoo.be;30/08/1990;08 19 19 05 52;P.O. Box 308, 376 Vel, Av.;48724;Pays de la Loire;France;LU824364854714418325;Married
Debra ; Boyle;F;natoque.penatibus@aol.fr;04/10/1981;07 78 05 25 83;5498 Hymenaeos. Rd.;64936;Aquitaine;France;RS84344702153285757038;Divorced
Tad ; Hardin;F;nulla@hotmail.com;25/04/1987;03 27 43 49 72;Ap #210-6949 Vitae, Street;35576;Auvergne;France;GL6722617474740963;Single
Sybil ; Nixon;F;mauris@hotmail.be;04/02/1993;06 96 60 88 88;292-7344 Elit, St.;40312;Lorraine;France;GB51PLPQ48054763182317;Married
Hyatt ; Summers;F;vitae@icloud.fr;27/10/1982;08 66 19 36 89;8869 Eget St.;74830;Champagne-Ardenne;France;GI44PNBG968182818864262;Single
Linus ; Rutledge;F;feugiat@hotmail.fr;14/11/1995;09 83 23 74 42;375-2979 Aenean St.;2566;Alsace;France;BG14LYKD92356442782323;Divorced
Malachi ; Padilla;X;nulla.integer@yahoo.be;25/10/2001;08 57 72 57 54;Ap #114-9293 Eleifend St.;20044;Limousin;France;KW2327744311422076989718783550;Single
Dominique ; Bean;F;eros@google.fr;16/05/1990;04 47 47 17 91;P.O. Box 309, 7673 Magna. Ave;88124;Limousin;France;MR2946502748129436960789745;Married
Montana ; Richard;X;auctor.velit@aol.com;22/04/1981;04 77 29 78 36;715-7465 Tempus Ave;57768;Picardie;France;MC2262847839877465594877105;Married
Nigel ; Arnold;M;lacus.varius@outlook.fr;17/04/1987;06 26 45 15 72;Ap #297-7539 Natoque St.;93346;Bourgogne;France;GR5168433304744511252780281;Divorced
Octavius ; Carson;F;elementum.dui@aol.be;14/12/1979;08 78 13 96 22;P.O. Box 557, 4870 Vivamus Street;93479;Poitou-Charentes;France;LT103617148895158855;Divorced
Cain ; Daugherty;M;proin@icloud.be;30/11/1984;03 88 84 86 57;P.O. Box 752, 4213 Parturient Rd.;96366;Haute-Normandie;France;FR7952431866666064920361624;Single
Kirby ; Lester;F;sit.amet@aol.fr;10/01/1979;05 78 05 57 88;Ap #362-2468 Fringilla St.;75627;Haute-Normandie;France;FO3144512588775632;Married
Xantha ; Harrison;F;praesent.interdum@outlook.be;11/03/2002;05 19 93 59 79;8841 Amet, Avenue;74182;Poitou-Charentes;France;TR354718879439164556719548;Single
Minerva ; Wiggins;F;interdum@aol.be;14/12/1987;06 15 58 36 69;526-9754 Ante, St.;96127;Picardie;France;PT88881678763343034837992;Divorced
Jacob ; Webster;M;lorem@outlook.fr;17/05/1983;08 53 85 99 61;3389 Sit Rd.;31288;Basse-Normandie;France;DO74528223238936966653240649;Single
Wade ; Hale;M;et.magnis.dis@yahoo.fr;28/03/1984;05 65 37 33 78;Ap #933-1177 Nam Road;41006;Corse;France;ES7663850667672308784428;Divorced
Lacey ; Silva;X;feugiat.sed.nec@google.com;25/08/1993;02 60 81 61 10;P.O. Box 912, 3296 Libero Rd.;27524;Basse-Normandie;France;FI6931382466814482;Married
Linda ; Brewer;F;lorem.auctor@outlook.com;02/06/2003;09 97 58 79 31;Ap #155-1130 Metus. Avenue;87569;Centre;France;VG3808116321621735787599;Single
Graiden ; Madden;M;curabitur.vel.lectus@aol.be;14/06/1985;03 44 44 26 47;612-3950 Metus St.;91302;Provence-Alpes-Cote d'Azur;France;AZ80265370271847773448931236;Married
Sebastian ; Franco;F;blandit.mattis.cras@outlook.be;19/03/1980;02 77 63 27 59;810-2055 Dictum Ave;55357;Lorraine;France;IL517557328426007888695;Married
Herrod ; Guy;F;vulputate@icloud.com;26/06/1982;05 22 22 62 68;774-5280 Est, St.;51444;Alsace;France;SK6057222110823349748214;Married
Constance ; Webster;X;mollis.lectus@icloud.be;28/05/1987;01 44 47 88 58;Ap #640-5541 Risus St.;50273;Picardie;France;LU875108554518382268;Divorced
Vivien ; Mosley;F;proin@aol.com;03/05/1988;04 83 01 05 57;119-9622 Dictum Avenue;34533;Provence-Alpes-Cote d'Azur;France;SI42732117678512311;Married
Lamar ; Thompson;F;aliquam@aol.be;12/11/1998;01 44 42 24 29;367-1454 Velit Street;20422;Champagne-Ardenne;France;LI2508287319125946351;Divorced
Tiger ; Hanson;X;orci.adipiscing@google.be;19/05/1992;06 04 17 96 72;Ap #443-3306 Magnis Street;3220;Basse-Normandie;France;EE087662678734211662;Single
Yardley ; Cantu;F;tempor.augue@hotmail.be;25/07/1993;02 48 16 16 61;621-6579 Est Rd.;31498;Limousin;France;FO9899529053358937;Married
Vanna ; O'brien;F;gravida.mauris@icloud.be;10/06/1988;04 91 98 47 34;Ap #600-4036 Ut St.;85172;Basse-Normandie;France;HR2525792113443448563;Married
Abdul ; Sherman;F;leo.morbi@hotmail.com;23/08/2003;04 51 87 73 87;Ap #184-6475 Et, Rd.;25945;Champagne-Ardenne;France;RS68763739734577374624;Married
Jaden ; Price;X;suspendisse.aliquet.sem@icloud.be;16/03/1982;08 85 91 89 44;Ap #399-3207 Ligula. Ave;89767;Île-de-France;France;GL7646650150435372;Single
Alma ; Patrick;M;cubilia.curae@icloud.be;05/06/1983;06 77 74 07 52;710-8685 Erat Rd.;63816;Corse;France;PK3646212187043479079760;Divorced
Xander ; Sweeney;F;at@yahoo.fr;15/11/1985;02 63 04 35 25;Ap #702-6361 Purus St.;85284;Haute-Normandie;France;RS64149328557005035677;Divorced
Jermaine ; Rowland;F;dis.parturient@google.fr;03/05/1991;09 12 16 80 39;Ap #245-7216 Duis Rd.;44594;Haute-Normandie;France;LB52933165266542833140447817;Single
Zena ; Mcdaniel;X;nec@hotmail.fr;15/01/1980;09 23 21 15 94;P.O. Box 862, 4778 Morbi St.;47134;Franche-Comte;France;MD2571511922673253468780;Divorced
Victoria ; Buck;M;sociis@icloud.fr;10/10/1994;05 02 35 22 68;377-7094 Blandit Avenue;36137;Midi-Pyrenees;France;VG3785684003824172685216;Single
Chaney ; Fischer;X;mauris.non.dui@hotmail.be;25/05/1992;09 66 66 81 61;P.O. Box 639, 6200 Rutrum Rd.;81207;Midi-Pyrenees;France;MC1102244572869533524391474;Married
Ciara ; Solis;F;libero@outlook.com;26/07/1991;04 74 24 06 53;2687 Eget, Street;54980;Provence-Alpes-Cote d'Azur;France;GR1993259561796084611846450;Single
Serena ; Bonner;X;interdum@google.com;27/08/1989;03 69 96 12 62;697-2964 Placerat, St.;15853;Picardie;France;IT297VFUPI28864887853383827;Single
Clare ; Goodman;F;elit.elit@outlook.fr;09/05/1993;01 59 06 63 10;391-7508 Senectus Road;28488;Provence-Alpes-Cote d'Azur;France;TR987417562472777744481293;Married
Melanie ; Irwin;X;duis.elementum@yahoo.be;29/11/2002;04 87 84 57 45;P.O. Box 576, 8975 Eget Avenue;88845;Picardie;France;FR8203333839433062721539895;Single
Dylan ; Walters;M;tempor@hotmail.be;24/02/1978;02 19 74 65 94;202-4385 Sed St.;87892;Provence-Alpes-Cote d'Azur;France;AZ32504174762103669715254170;Single
Knox ; Hunt;F;nec.mollis.vitae@icloud.fr;04/02/1988;07 80 72 12 57;6787 Facilisis. Rd.;61156;Haute-Normandie;France;KW0732735561374246688423513377;Single
Bert ; Hensley;M;ornare.egestas@outlook.com;18/11/1993;04 75 11 35 25;P.O. Box 240, 8493 Donec St.;58295;Auvergne;France;NO6909422338335;Divorced
Neil ; Ruiz;X;aliquam.auctor@yahoo.be;08/03/1999;02 70 84 38 77;956-1000 Purus Av.;77813;Centre;France;GB41DJCQ40652256156871;Divorced
Melodie ; Munoz;X;eu.ultrices.sit@google.com;02/05/1995;06 25 76 13 54;P.O. Box 668, 2028 Eu, Ave;9992;Midi-Pyrenees;France;VG2305649460454126039891;Divorced
Brenden ; Mendoza;X;scelerisque.dui@icloud.be;06/11/1997;08 13 42 27 30;993-7160 Eu St.;35321;Bourgogne;France;ME03432456060663411867;Married
Ayanna ; Richmond;M;donec@outlook.fr;17/06/1993;07 65 76 52 41;236-2090 Scelerisque Avenue;8735;Languedoc-Roussillon;France;DE97379566863427378664;Divorced
Nevada ; Merritt;F;fringilla.euismod@aol.be;28/05/1998;07 81 36 61 78;4339 Mollis Rd.;28414;Franche-Comte;France;CY06275964537141726228066278;Divorced
Xenos ; Wall;F;leo.morbi.neque@outlook.com;16/09/2003;02 12 15 09 02;628-7651 Vulputate, St.;12818;Champagne-Ardenne;France;AL72428859309829847852176786;Single
Upton ; Crosby;F;faucibus.leo.in@yahoo.be;14/09/1988;01 24 52 65 98;906-6490 Vivamus Road;34556;Limousin;France;SM7571568724791469870517651;Married
Wang ; Soto;M;vehicula.aliquet.libero@yahoo.be;22/07/1979;02 85 95 78 48;P.O. Box 725, 6473 Pede Av.;21643;Haute-Normandie;France;CY73458629236242776444156745;Single
Adria ; Hurley;F;erat.nonummy.ultricies@outlook.be;20/11/1995;01 83 82 27 16;119-9680 Sem. St.;21721;Bourgogne;France;EE698324823072745151;Married
Xenos ; Reeves;F;risus.donec.egestas@hotmail.fr;25/07/1986;08 54 41 56 57;P.O. Box 747, 2583 Velit. Rd.;68502;Languedoc-Roussillon;France;LV05HCXH7875541726667;Divorced
Candace ; Castro;M;tellus.non.magna@icloud.be;13/10/1981;04 30 15 57 73;258-348 Natoque Avenue;42628;Bourgogne;France;DE91899575162327749086;Married
Phelan ; Cohen;F;nec.orci@google.com;06/10/1989;07 11 05 89 13;Ap #107-5214 Duis St.;46348;Franche-Comte;France;DK5883371654123550;Divorced
Akeem ; Walls;F;semper.et@icloud.fr;11/03/1984;02 94 06 47 80;520-650 Montes, St.;50832;Poitou-Charentes;France;TN5960383219527311836634;Single
Castor ; Wilder;F;massa.non@google.be;05/04/2001;02 72 71 42 51;386-6212 Nulla. Ave;21925;Midi-Pyrenees;France;BA632756131254060462;Single
Amity ; Daugherty;X;non.lorem@icloud.be;22/09/1998;03 51 96 70 81;1865 Et Road;77518;Centre;France;SA0462322008164532724411;Single
Eric ; Delacruz;F;quam.vel.sapien@icloud.com;02/04/2001;06 14 47 70 36;4612 Nam St.;88806;Lorraine;France;BE20632165449387;Married
Quyn ; Guthrie;F;facilisis.non.bibendum@hotmail.fr;24/04/1990;05 82 24 15 72;571-4565 Euismod Rd.;28927;Provence-Alpes-Cote d'Azur;France;FO0715854354163820;Married
Ciaran ; Mckinney;F;interdum.enim@aol.com;23/09/1997;04 46 29 62 41;Ap #333-390 Justo. Ave;87401;Picardie;France;NL21LZJT3208128452;Divorced
Orla ; Mcgowan;M;viverra.donec@hotmail.com;21/10/1987;06 72 86 05 62;1919 Elit, St.;23604;Auvergne;France;AD5023240228170404782204;Married
Harper ; Chavez;X;amet.luctus@aol.com;04/06/1985;03 53 57 78 73;940-5219 Orci. Street;11276;Provence-Alpes-Cote d'Azur;France;FR7228896032410281734568122;Single
Anika ; Wagner;X;nunc@google.com;15/11/1997;08 83 36 75 53;P.O. Box 834, 4128 Leo. Road;43358;Languedoc-Roussillon;France;HU98494303457260299564581063;Single
Upton ; Meyers;F;eget.volutpat@google.be;01/02/1992;02 71 53 48 32;P.O. Box 564, 7028 Volutpat St.;49431;Basse-Normandie;France;CR4341106102477417483;Single
Amos ; Mathews;F;justo@hotmail.com;22/11/2003;05 01 76 37 63;Ap #252-6638 Aliquet, Street;72657;Centre;France;SI68374037290129331;Divorced
John ; Mcconnell;F;quis.arcu@yahoo.com;06/08/1978;04 58 82 34 36;618-6952 Lorem, Avenue;80454;Poitou-Charentes;France;IL696662521568655417298;Divorced
Carissa ; Malone;F;proin.mi.aliquam@hotmail.com;07/01/2002;05 71 47 13 87;Ap #940-2643 Libero Av.;56553;Basse-Normandie;France;CY13841409465361803216246086;Divorced
Jada ; Norris;X;purus@icloud.fr;21/02/1992;07 15 35 60 41;P.O. Box 128, 7935 In, Rd.;64925;Corse;France;SM1452347686674208027653078;Divorced
Joshua ; Chandler;F;vel.faucibus@icloud.fr;20/02/1998;05 84 24 21 67;P.O. Box 163, 4912 At Rd.;56305;Aquitaine;France;BE80830187228648;Married
Allen ; Church;M;aliquet.sem@aol.fr;28/09/1996;05 71 28 43 33;592-5262 Imperdiet Road;6353;Bretagne;France;PS112059138081571986285527658;Single
Barbara ; Herman;F;accumsan.neque@hotmail.fr;14/08/1996;09 55 83 46 35;Ap #268-573 Non, Ave;24274;Champagne-Ardenne;France;MK91467758914315017;Married
Cathleen ; Mccray;F;ipsum@outlook.com;09/11/2003;02 56 33 85 24;879-8462 Non, Road;16186;Champagne-Ardenne;France;PS134630875240831768345203637;Married
Brynne ; Fuller;F;nec.enim@icloud.be;30/07/2004;04 57 87 44 01;775-9693 Turpis St.;12243;Alsace;France;RS66256224379724731541;Married
Gisela ; Mejia;X;consectetuer.adipiscing.elit@icloud.com;13/11/1978;04 38 10 69 82;Ap #644-9569 Gravida. Avenue;89738;Franche-Comte;France;LB77829281055663826411221433;Married
Liberty ; Lawrence;M;dolor.fusce.mi@yahoo.be;21/10/2002;07 35 74 66 83;4328 At St.;45582;Corse;France;LT828483971298637268;Divorced
Aline ; Ross;F;mauris.ipsum.porta@google.fr;29/03/1983;06 71 72 41 36;6135 Gravida. Rd.;51057;Haute-Normandie;France;DK7807296787503182;Divorced
Gay ; Erickson;M;mauris.blandit@aol.com;21/10/2000;02 50 56 19 14;635-7811 Eros Street;11578;Poitou-Charentes;France;CZ4244195719133125438246;Single
Carolyn ; Singleton;F;inceptos.hymenaeos.mauris@hotmail.be;05/11/1977;05 98 73 68 42;Ap #666-9493 Risus. Av.;73907;Picardie;France;IL908324747616858313241;Divorced
Perry ; Ellison;F;mollis.non@icloud.com;01/06/1991;06 50 43 15 26;Ap #265-7578 Rutrum Avenue;76365;Poitou-Charentes;France;AL32954793103515528443243668;Married
Tarik ; Baldwin;F;egestas.ligula.nullam@aol.fr;16/12/1995;05 15 07 12 61;Ap #608-957 Magna Rd.;15656;Île-de-France;France;MK59716359440242595;Single
Neil ; Shaffer;F;suspendisse.commodo@outlook.fr;09/06/1991;07 42 75 54 32;Ap #520-791 A Rd.;76695;Provence-Alpes-Cote d'Azur;France;IL642701889587918075756;Married
Libby ; Hubbard;F;elementum.lorem@yahoo.fr;12/08/1999;03 55 26 57 52;Ap #155-4864 Sed Avenue;34228;Poitou-Charentes;France;MT14WXHX62675122368291735093618;Divorced
Garth ; York;X;integer@hotmail.be;31/08/1998;08 26 63 49 56;2919 Pretium Rd.;52851;Champagne-Ardenne;France;LB83362469137531738764367759;Married
Zephr ; Zimmerman;M;nec@google.fr;17/10/1978;04 49 43 56 72;Ap #840-8844 Lorem, St.;33136;Centre;France;BG95OJNK25854720048453;Divorced
Arsenio ; Levy;X;egestas.aliquam.nec@hotmail.be;22/02/1994;04 01 53 39 18;996-9936 Senectus Av.;73469;Provence-Alpes-Cote d'Azur;France;FI6378449480516644;Married
Alec ; Mcdaniel;F;dignissim.tempor.arcu@yahoo.be;02/11/1979;03 24 18 82 18;858-5857 Vel Road;5880;Alsace;France;GT33876826799232179545038707;Single
Leandra ; Whitaker;F;nunc.sed.orci@aol.be;07/02/1981;06 07 66 92 85;P.O. Box 953, 9509 Montes, Rd.;58968;Haute-Normandie;France;BA842462164821845023;Divorced
Penelope ; Brooks;M;eget.tincidunt@hotmail.fr;09/07/1984;05 17 10 43 27;807-7129 Orci Rd.;31684;Champagne-Ardenne;France;PT39879513799136699102865;Single
Macy ; Chan;F;nunc@yahoo.com;14/12/1986;01 69 72 48 56;241-9566 Ultrices. Rd.;11451;Lorraine;France;SA6812272641584684462742;Divorced
Kerry ; Blair;F;dolor.vitae.dolor@outlook.fr;18/03/1995;05 20 60 56 63;7281 Dolor. Street;36272;Auvergne;France;BG91SQTW66464765777598;Married
Imani ; Raymond;X;integer.sem.elit@yahoo.com;18/08/1989;02 49 76 17 96;Ap #637-5458 Ac Av.;62307;Pays de la Loire;France;GB07GJMG65492027644011;Married
Adele ; Hicks;X;scelerisque.sed.sapien@google.be;28/07/1990;09 32 29 34 64;Ap #743-8275 Sed Street;25943;Haute-Normandie;France;BE10456141323503;Married
Lawrence ; Winters;F;ac.turpis@yahoo.be;14/02/1983;02 58 57 69 57;9333 Porttitor St.;94849;Midi-Pyrenees;France;SK7548558680473576925266;Married
Imogene ; Bryan;F;etiam.bibendum.fermentum@hotmail.be;21/05/1992;02 72 37 19 86;334-984 Et Av.;56251;Corse;France;FR6547186137273841967073957;Single
Byron ; Jensen;M;phasellus.dapibus@aol.com;15/04/2002;06 21 34 21 72;Ap #372-6772 Fermentum Avenue;55963;Bourgogne;France;HU23128762001315367757613155;Divorced
Sebastian ; Leach;M;dolor@aol.com;10/01/2001;03 22 81 18 35;Ap #808-2060 Nunc St.;52815;Nord-Pas-de-Calais;France;FR1807789822224728940652182;Married
Macey ; Lawson;X;a.dui@yahoo.fr;01/02/1995;04 27 06 86 47;Ap #944-1007 Dictum Road;61645;Limousin;France;GB27HYGM45252856134956;Single
Hakeem ; Mcfarland;M;rutrum.urna@yahoo.be;07/09/1989;03 31 55 80 27;1216 Ullamcorper. St.;98855;Champagne-Ardenne;France;LB93425448441553887235310038;Single
Joel ; Miles;F;risus.quis@yahoo.be;13/04/1997;06 65 86 20 97;1151 Lacus. Road;74701;Aquitaine;France;AE546711548688692132412;Married
Beverly ; Kim;F;erat@icloud.fr;11/05/2003;04 64 87 73 17;150 Pulvinar St.;61172;Midi-Pyrenees;France;TN9634954917722416141311;Married
Kirestin ; Byers;X;nulla.eget.metus@outlook.be;03/05/1989;06 81 48 52 33;298-4807 Dui. Avenue;54313;Auvergne;France;MR4036323840784928761386427;Divorced
Yvette ; Mcdowell;X;eget.ipsum@hotmail.com;10/01/1988;05 73 87 35 64;Ap #827-1568 Ut St.;27617;Auvergne;France;NO3959707964636;Divorced
Leslie ; Vazquez;F;sem.elit@yahoo.be;17/10/1980;04 44 67 17 24;453-1020 Ac St.;44352;Provence-Alpes-Cote d'Azur;France;LI0657871371648244649;Married
Ava ; Henry;X;at.pretium@aol.com;02/03/1998;03 05 34 25 16;P.O. Box 307, 2577 Faucibus Rd.;53346;Alsace;France;AE222055393718241852041;Married
Maile ; Hawkins;M;nibh.phasellus@icloud.com;14/11/2003;09 74 76 77 13;Ap #593-6207 Phasellus Av.;2447;Haute-Normandie;France;LV62OPCR8363869091215;Single
Philip ; Mercer;M;sed.libero@icloud.be;23/07/1990;06 98 44 75 54;P.O. Box 619, 1491 Mus. Rd.;60754;Lorraine;France;CY43113755170535866580177943;Married
Brenna ; Klein;F;vitae.dolor.donec@outlook.fr;02/05/2004;02 84 03 40 11;5853 Risus. Road;84436;Midi-Pyrenees;France;SI81033843467653187;Married
Rooney ; Goodman;F;auctor.ullamcorper.nisl@google.be;30/03/1981;03 62 65 43 68;717-511 Id Street;1120;Poitou-Charentes;France;MK42211557224788626;Married
Abdul ; Garner;F;mauris.sagittis@aol.fr;20/06/1987;07 24 66 56 60;441-3664 Lacinia Rd.;94453;Provence-Alpes-Cote d'Azur;France;FI2523555751648449;Single
Jolene ; Wise;X;vehicula.aliquet.libero@icloud.be;20/08/1986;04 24 53 31 11;Ap #727-6412 Mauris Rd.;65762;Languedoc-Roussillon;France;DE54587520853167741257;Married
Myles ; Evans;M;nec.tellus.nunc@google.com;17/04/1991;01 95 34 79 47;7057 Enim Road;31884;Haute-Normandie;France;KZ271747211401023008;Divorced
Mira ; Velasquez;M;duis@hotmail.com;15/06/2004;06 31 93 79 20;Ap #157-729 Cursus Avenue;19337;Corse;France;AE497050451684758437544;Divorced
Merrill ; Weiss;X;feugiat.placerat.velit@aol.com;23/10/1985;05 71 91 19 47;Ap #122-1469 Convallis Road;78283;Champagne-Ardenne;France;PL27718306390302313494879271;Divorced
Joy ; Boone;F;porttitor.eros@outlook.be;26/09/1983;07 26 34 93 09;688-9256 Consectetuer Avenue;63966;Île-de-France;France;AL30028633659276441161737135;Divorced
Ori ; Houston;M;pede.nunc@icloud.com;19/06/1996;03 69 68 95 00;P.O. Box 242, 2301 Mi Street;2828;Centre;France;BG86QXDM77603421641222;Divorced
Nomlanga ; Dudley;F;vulputate@hotmail.be;21/02/1978;08 86 46 15 38;Ap #359-8211 Ullamcorper, Rd.;54185;Aquitaine;France;FR0538188588460354605102172;Single
Melyssa ; Richardson;X;non.sollicitudin@hotmail.com;24/07/2004;06 10 85 25 73;Ap #775-6588 Sed, St.;27584;Languedoc-Roussillon;France;FI9662677002826196;Divorced
Venus ; Wiley;X;amet.faucibus@yahoo.fr;04/06/1999;03 40 71 07 68;Ap #694-1164 Eget Street;14858;Basse-Normandie;France;SE1606225454451756738096;Married
Dieter ; Hall;M;lorem.sit@hotmail.be;29/10/2000;04 62 88 65 75;Ap #205-2244 Ligula. Av.;28421;Alsace;France;SM1171516217459335888164269;Married
Ashton ; Mcclure;M;sem.semper@outlook.fr;28/09/1995;06 61 83 74 37;Ap #992-6703 Pede. Avenue;8846;Auvergne;France;PL33032495876447185326685715;Divorced
Sigourney ; Booker;M;mollis@yahoo.be;21/02/2003;02 46 25 51 95;425-9309 Nunc Ave;37814;Bourgogne;France;IE47IZMW18219211517071;Divorced
Whilemina ; Rios;M;sed.consequat@icloud.fr;19/10/2004;03 38 61 41 23;447-2799 Non Street;46424;Pays de la Loire;France;PS896806301381333626714866615;Single
Kylynn ; Warren;X;lacus.varius@icloud.fr;23/11/1996;07 76 17 14 68;535-574 Ornare Rd.;34573;Lorraine;France;BE64981006716599;Divorced
Evangeline ; Bright;X;eget.volutpat.ornare@google.com;13/06/1987;05 79 95 08 87;Ap #385-2201 A, Street;39834;Midi-Pyrenees;France;AD3178262234954326828150;Married
Cora ; Roth;M;curae.donec@outlook.fr;18/09/1982;04 57 37 77 70;903 Tellus St.;11343;Midi-Pyrenees;France;KZ291776221379912236;Single
Barry ; Craig;F;rutrum@yahoo.com;10/03/1984;06 14 72 63 43;133-7799 Et, Rd.;17433;Centre;France;MC0487245154281445735097837;Single
Shay ; Fuller;X;vel.arcu@outlook.be;08/08/2000;08 13 53 56 42;384-4955 Penatibus Street;16558;Centre;France;IE75VPNP88405000443044;Married
Kennan ; Holder;M;phasellus.elit@yahoo.com;24/08/1980;09 11 85 58 72;Ap #384-3171 Sit Street;75557;Auvergne;France;MR1728897916942647731215800;Married
Ian ; Duncan;M;elementum.at@icloud.be;19/03/1984;07 51 74 58 53;3525 Ut Rd.;76251;Bourgogne;France;GL6540486877306290;Married
Josephine ; Holman;M;et@outlook.be;09/09/2003;08 42 26 38 54;Ap #481-3383 Risus Road;84942;Poitou-Charentes;France;ME57278073321177341410;Married
Ria ; Harvey;M;sem@outlook.com;07/06/1986;03 15 65 31 16;595-2555 Pede, Road;70847;Midi-Pyrenees;France;DO39678375921183233108527777;Single
Victoria ; Glenn;F;in.faucibus@icloud.be;26/06/1999;09 23 24 70 58;Ap #833-3830 Neque Rd.;39781;Île-de-France;France;PT80043153402337719551885;Divorced
Peter ; Barrett;M;donec@icloud.com;22/02/1979;02 64 82 33 38;815-5184 Et St.;14625;Languedoc-Roussillon;France;AE383246232333593155626;Single
Joy ; Jefferson;X;turpis.aliquam@google.fr;15/09/1993;02 52 08 21 27;6802 Mattis. Ave;24152;Franche-Comte;France;CY14698753679808516223327210;Single
Fay ; Reeves;F;non@aol.com;27/01/1996;08 58 41 62 76;606-5971 Vel Rd.;54323;Midi-Pyrenees;France;SE4418075644388047264433;Married
Hall ; Martinez;F;sit@yahoo.com;12/04/1999;07 61 10 21 71;6886 Quis St.;56541;Picardie;France;PK3196283326484318848747;Divorced
Lucas ; Booker;F;nec.mauris.blandit@hotmail.fr;03/10/2002;05 18 52 87 39;1902 Luctus Ave;25746;Bretagne;France;NL78YJMM3697654263;Divorced
Pandora ; Cox;X;tortor.at@icloud.com;08/12/1994;05 85 48 28 77;Ap #734-6953 Consectetuer Street;45684;Alsace;France;IT700JTFEI97057687685478122;Married
Chiquita ; Hines;F;erat.sed.nunc@google.com;07/09/1980;08 15 12 38 56;Ap #171-6464 Est. St.;14642;Limousin;France;LV30OBXF2371817085424;Divorced
Blossom ; Scott;X;enim.suspendisse.aliquet@icloud.fr;11/03/2005;03 22 14 54 28;583 Fermentum St.;43947;Poitou-Charentes;France;TN6986268231219474433506;Single
Eaton ; Willis;X;mauris.suspendisse@yahoo.be;27/11/1977;04 66 82 66 93;P.O. Box 136, 4478 Dolor Ave;36152;Lorraine;France;LT733323275498556152;Married
Karina ; Dominguez;X;iaculis.lacus@google.com;06/04/1979;08 00 48 13 25;929-865 Lacus. Avenue;17316;Languedoc-Roussillon;France;LI6413556251340534273;Married
Rafael ; Mack;M;commodo.at@google.com;17/01/1988;05 21 78 97 07;133-531 Bibendum Road;17771;Midi-Pyrenees;France;GB23CKKP25110788337217;Single
Amanda ; Howe;X;eu.enim.etiam@outlook.fr;13/12/1985;07 85 19 17 86;Ap #173-4543 Scelerisque Avenue;33854;Corse;France;MR8828573116398188556308265;Married
Griffith ; Griffin;F;libero.donec@aol.fr;12/01/1981;06 25 26 88 22;Ap #255-5677 Duis St.;52058;Poitou-Charentes;France;CH6146277321385766742;Single
Kristen ; Valentine;M;donec.egestas.duis@hotmail.fr;17/11/1999;04 68 34 47 43;Ap #208-7684 Curabitur Ave;20766;Nord-Pas-de-Calais;France;IL081256219341978163894;Divorced
Lyle ; Kidd;M;eu.odio@yahoo.com;24/10/1997;08 25 25 28 70;224-6703 Ut Avenue;66472;Languedoc-Roussillon;France;NO1445831911483;Married
Lillith ; Sanford;F;sagittis@yahoo.be;15/05/2000;02 76 17 13 69;465-4464 Et Rd.;76094;Aquitaine;France;IL208880232262259581478;Single
Gwendolyn ; Giles;F;diam.pellentesque@icloud.be;01/06/1998;05 38 61 75 25;Ap #559-6152 Libero. St.;73283;Provence-Alpes-Cote d'Azur;France;CH8965587240715663217;Single
Caleb ; Mcgee;F;nec.imperdiet.nec@google.fr;25/11/1995;02 10 31 40 79;P.O. Box 333, 3405 Convallis Road;51168;Pays de la Loire;France;KZ133027000292026413;Divorced
Zephania ; Rivera;M;suspendisse.eleifend.cras@google.fr;05/06/1979;06 82 11 14 97;P.O. Box 148, 3119 Suspendisse Rd.;5671;Bretagne;France;GT94063616489998776143821150;Divorced
Miranda ; Luna;F;quis@aol.be;25/06/1997;02 52 23 65 86;385-8050 Turpis Street;76305;Centre;France;IE82SVAO83171641120081;Single
Hope ; Padilla;X;dignissim.lacus@aol.fr;20/08/1994;01 27 57 29 78;Ap #143-5301 Magna. Ave;56741;Alsace;France;FO8586608441227446;Divorced
Nigel ; Meyer;M;molestie.tortor@aol.be;18/06/1980;03 30 19 95 87;496 Lacus. St.;47524;Île-de-France;France;NO6631576386833;Divorced
Suki ; Clements;F;praesent.eu@hotmail.fr;12/11/1995;05 17 85 84 53;9137 Dictum Av.;45792;Alsace;France;PS432354438938783841881675464;Divorced
Kessie ; Ramsey;X;luctus@icloud.com;16/06/1995;09 47 18 17 72;4322 Faucibus Av.;32453;Aquitaine;France;SK1140558225070264323367;Single
Scarlett ; Patterson;F;ridiculus.mus.proin@hotmail.be;24/03/1999;06 43 75 63 91;160-9344 Egestas. Road;30348;Champagne-Ardenne;France;LU443488966411056872;Married
Zia ; Whitfield;X;dolor.quam@outlook.fr;01/02/2003;02 59 98 95 56;4535 Porttitor Rd.;24683;Pays de la Loire;France;PT65144837511724564834262;Married
Mariko ; Winters;X;mollis.integer@yahoo.fr;13/08/1993;09 11 62 66 29;2015 Id, Rd.;34131;Limousin;France;SI10511587299568630;Married
Zachery ; Sanford;F;enim.etiam.gravida@aol.be;18/07/1992;04 23 80 45 82;433-9999 Duis Street;22206;Franche-Comte;France;AD1303547546811141477663;Single
Hayfa ; Orr;X;et.lacinia.vitae@outlook.fr;05/05/1996;02 86 97 83 29;Ap #959-8812 Ullamcorper. Av.;36783;Picardie;France;MD2627971283125867307114;Divorced
Cassandra ; Mills;F;auctor.mauris@outlook.fr;15/12/1996;06 33 59 37 54;Ap #718-3590 Eget Ave;21267;Poitou-Charentes;France;VG0505734333616224532972;Divorced
Tallulah ; Price;X;mauris.vestibulum@outlook.fr;13/02/1981;03 13 85 34 57;470-9846 Placerat Rd.;61983;Franche-Comte;France;PL15837557649733174242528898;Divorced
Steven ; Summers;M;arcu.sed@google.fr;03/07/2003;07 36 60 27 16;554-5890 Ipsum. Rd.;2038;Champagne-Ardenne;France;CH2954374102734443911;Married
Jolene ; Cole;F;blandit.congue@outlook.be;11/10/1997;06 95 93 28 27;8725 Amet, Street;22206;Centre;France;LV34VPGR4866169533507;Single
Carly ; Dorsey;F;proin.sed@yahoo.com;30/01/1978;02 61 75 51 52;P.O. Box 651, 8546 Nec St.;21131;Limousin;France;SI43738532828655726;Married
Keaton ; Gates;F;etiam.gravida.molestie@google.be;03/06/1989;07 66 44 38 11;Ap #677-8119 Eu St.;8168;Lorraine;France;SE2065282420542752958715;Divorced
Yoshio ; Davenport;F;vitae@icloud.be;09/11/1996;05 70 07 35 15;P.O. Box 183, 6737 Imperdiet Road;80878;Bourgogne;France;SE0517262341462517054217;Divorced
Jamal ; Phelps;X;aliquet.libero@aol.fr;14/08/2004;08 53 22 84 47;P.O. Box 470, 1613 Montes, Rd.;87385;Centre;France;BG69UCOF11114884169487;Married
Alexandra ; Jacobs;F;tellus.sem@yahoo.com;29/07/1985;05 87 54 99 74;257-5472 Nunc Avenue;17348;Bourgogne;France;FI9618618243598467;Married
Fatima ; Ortiz;F;sed@outlook.fr;05/07/1987;09 25 58 40 71;368-9840 Pellentesque, Road;24160;Picardie;France;SA6786611271306167547335;Divorced
Ivana ; Chang;F;sed@google.be;04/05/2004;03 79 66 56 76;Ap #310-1577 Quisque Road;74741;Languedoc-Roussillon;France;SI36416862777648238;Single
Clio ; Moses;F;et.netus.et@icloud.com;17/05/1996;07 04 66 50 32;Ap #891-738 Sed Avenue;43888;Champagne-Ardenne;France;IT987KJGSI26745788533336473;Divorced
Risa ; Gay;F;dolor@icloud.fr;19/11/1997;07 50 17 57 20;114-5396 Placerat St.;97367;Limousin;France;FO2508274624581736;Single
Neil ; Kramer;F;mi.lorem.vehicula@yahoo.fr;30/09/1977;02 78 17 16 90;179-8394 Malesuada Rd.;91136;Île-de-France;France;DE56656365395791685614;Divorced
Ruby ; Gilbert;X;at@aol.be;09/09/1983;01 51 79 10 91;Ap #994-6257 Sem Rd.;70206;Pays de la Loire;France;PS518012319846535529554427801;Married
Ramona ; Bond;F;pellentesque.ut.ipsum@outlook.fr;27/05/1982;05 42 81 76 75;P.O. Box 313, 4429 Sed Rd.;33156;Provence-Alpes-Cote d'Azur;France;SE1285874465655162969959;Single
Stacey ; Atkinson;M;dui@hotmail.com;14/08/2004;07 37 67 15 74;762-5521 Sit Street;76887;Corse;France;SK5908837648338351152145;Single
Clare ; Salas;F;sed@hotmail.fr;01/08/1977;08 43 71 61 14;Ap #316-3749 Duis St.;46775;Bourgogne;France;CR1858780205854430897;Single
Claudia ; Kidd;F;ut.tincidunt@icloud.fr;15/05/1989;07 91 24 26 07;123-8143 Eget, Rd.;64467;Bretagne;France;GE24124177679970267473;Divorced
Chelsea ; Ratliff;F;velit@aol.fr;25/06/2001;03 17 78 91 68;5328 Pellentesque Ave;53246;Basse-Normandie;France;FR2724238174115196517319081;Married
Phoebe ; Castro;F;velit.dui.semper@aol.be;17/09/1977;04 83 58 41 46;8694 Purus, Rd.;65834;Poitou-Charentes;France;GT91741831212590161153512633;Divorced
Malik ; Richardson;M;vulputate.dui.nec@hotmail.com;01/03/1994;03 26 53 91 53;524-7325 Ultricies Avenue;1862;Picardie;France;HU63615934327425205416224425;Divorced
Declan ; Barry;M;amet.ultricies@aol.be;28/09/1986;05 26 32 97 59;P.O. Box 935, 7267 Tellus Rd.;51258;Pays de la Loire;France;KW2417954302435242947264585465;Divorced
Jackson ; Walters;F;augue.id@hotmail.be;03/06/1983;06 25 45 71 73;115-7268 Orci, Ave;97942;Auvergne;France;GR5011395749860334812047247;Divorced
Sophia ; Perez;F;turpis@yahoo.com;28/11/1993;06 35 14 60 54;Ap #384-2167 Dui, Ave;55421;Pays de la Loire;France;GT86815381140239165220088858;Divorced
Cally ; Shelton;X;suspendisse@google.fr;14/09/1978;06 21 34 32 07;528-6142 Tincidunt Ave;47111;Bourgogne;France;MK86243880258482461;Divorced
Nita ; Burt;F;nunc.commodo@outlook.com;22/10/2002;02 70 27 13 86;963-8689 Nunc Street;88415;Nord-Pas-de-Calais;France;MK25207811920946489;Married
Kylan ; Bray;M;metus.facilisis@icloud.fr;09/06/1979;05 77 76 34 68;602-8017 Proin Road;10138;Île-de-France;France;FR8025177588822421518878671;Married
Knox ; Edwards;X;neque.nullam@aol.fr;01/12/1998;05 45 52 75 22;909-6388 Euismod Rd.;16454;Poitou-Charentes;France;HU40651198448330208659710471;Single
Hedy ; Lynch;M;ipsum.primis@icloud.fr;22/05/1978;08 78 08 95 42;7475 Aliquam St.;54263;Alsace;France;AL38105245537217326060918182;Divorced
Cadman ; Carey;M;eu@google.com;19/04/1977;05 27 85 48 19;591-6032 Ridiculus Rd.;37281;Languedoc-Roussillon;France;SI56723906234837947;Married
Isaiah ; Everett;F;in.at@hotmail.com;23/11/1989;05 28 69 52 58;P.O. Box 517, 8999 Adipiscing Street;86182;Corse;France;HR9252810065444834362;Married
Dominic ; Patel;X;felis.donec.tempor@aol.com;28/12/1987;09 57 26 34 34;Ap #552-5028 Montes, Ave;57665;Centre;France;BA794962668158335885;Married
Kevin ; Sparks;F;lobortis.tellus.justo@google.be;02/05/1999;06 20 63 24 13;4405 Tristique Street;77342;Pays de la Loire;France;PK1772360213586228468841;Divorced
Joy ; Massey;M;mi.tempor@google.com;14/12/1988;02 35 62 59 38;P.O. Box 765, 7597 Id, Street;52878;Midi-Pyrenees;France;EE248415726771586156;Divorced
Dalton ; Haynes;F;non.luctus@hotmail.be;21/11/1998;05 43 28 48 84;236-3186 Sem Rd.;86801;Nord-Pas-de-Calais;France;DE12631145765094174471;Single
